Id,ActivityDate,TotalSteps,TotalDistance,TrackerDistance,LoggedActivitiesDistance,VeryActiveDistance,ModeratelyActiveDistance,LightActiveDistance,SedentaryActiveDistance,VeryActiveMinutes,FairlyActiveMinutes,LightlyActiveMinutes,SedentaryMinutes,Calories
1503960366,4/12/2016,13162,8.5,8.5,0,1.9,0.6,6.1,0,25,13,328,728,1985
1503960366,4/13/2016,10735,7,7,0,1.6,0.7,4.7,0,21,19,217,776,1797
1503960366,4/14/2016,10460,6.7,6.7,0,2.4,0.4,3.9,0,30,11,181,1218,1776
1503960366,4/15/2016,9762,6.3,6.3,0,2.1,1.3,2.8,0,29,34,209,726,1745
1503960366,4/16/2016,12669,8.2,8.2,0,2.7,0.4,5,0,36,10,221,773,1863
1503960366,4/17/2016,9705,6.5,6.5,0,3.2,0.8,2.5,0,38,20,164,539,1728
1503960366,4/18/2016,13019,8.6,8.6,0,3.3,0.6,4.7,0,42,16,233,1149,1921
1503960366,4/19/2016,15506,9.9,9.9,0,3.5,1.3,5,0,50,31,264,775,2035
1503960366,4/20/2016,10544,6.7,6.7,0,2,0.5,4.2,0,28,12,205,818,1786
1503960366,4/21/2016,9819,6.3,6.3,0,1.3,0.3,4.7,0,19,8,211,838,1775
1503960366,4/22/2016,12764,8.1,8.1,0,4.8,1.1,2.2,0,66,27,130,1217,1827
1503960366,4/23/2016,14371,9,9,0,2.8,0.9,5.4,0,41,21,262,732,1949
1503960366,4/24/2016,10039,6.4,6.4,0,2.9,0.2,3.3,0,39,5,238,709,1788
1503960366,4/25/2016,15355,9.8,9.8,0,5.3,0.6,3.9,0,73,14,216,814,2013
1503960366,4/26/2016,13755,8.8,8.8,0,2.3,0.9,5.5,0,31,23,279,833,1970
1503960366,4/27/2016,18134,12.2,12.2,0,6.4,0.4,5.4,0,78,11,243,1108,2159
1503960366,4/28/2016,13154,8.5,8.5,0,3.5,1.2,3.8,0,48,28,189,782,1898
1503960366,4/29/2016,11181,7.2,7.2,0,1.1,0.5,5.6,0,16,12,243,815,1837
1503960366,4/30/2016,14673,9.3,9.3,0,3.6,1.4,4.3,0,52,34,217,712,1947
1503960366,5/1/2016,10602,6.8,6.8,0,2.3,1.6,2.9,0,33,35,246,730,1820
1503960366,5/2/2016,14727,9.7,9.7,0,3.2,0.6,5.9,0,41,15,277,798,2004
1503960366,5/3/2016,15103,9.7,9.7,0,3.7,1,4.9,0,50,24,254,816,1990
1503960366,5/4/2016,11100,7.2,7.2,0,2.5,0.9,3.8,0,36,22,203,1179,1819
1503960366,5/5/2016,14070,8.9,8.9,0,2.9,1.1,4.9,0,45,24,250,857,1959
1503960366,5/6/2016,12159,8,8,0,2,0.3,5.8,0,24,6,289,754,1896
1503960366,5/7/2016,11992,7.7,7.7,0,2.5,2.1,3.1,0,37,46,175,833,1821
1503960366,5/8/2016,10060,6.6,6.6,0,3.5,0.3,2.7,0,44,8,203,574,1740
1503960366,5/9/2016,12022,7.7,7.7,0,3.5,0.5,3.7,0,46,11,206,835,1819
1503960366,5/10/2016,12207,7.8,7.8,0,3.3,1.2,3.3,0,46,31,214,746,1859
1503960366,5/11/2016,12770,8.1,8.1,0,2.6,1,4.6,0,36,23,251,669,1783
1503960366,5/12/2016,0,0,0,0,0,0,0,0,0,0,0,1440,0
1624580081,4/12/2016,8163,5.3,5.3,0,0,0,5.3,0,0,0,146,1294,1432
1624580081,4/13/2016,7007,4.6,4.6,0,0,0,4.6,0,0,0,148,1292,1411
1624580081,4/14/2016,9107,5.9,5.9,0,0,0,5.9,0.009999999776,0,0,236,1204,1572
1624580081,4/15/2016,1510,1,1,0,0,0,1,0,0,0,96,1344,1344
1624580081,4/16/2016,5370,3.5,3.5,0,0,0,3.5,0,0,0,176,1264,1463
1624580081,4/17/2016,6175,4.1,4.1,0,1,1.5,1.5,0.009999999776,15,22,127,1276,1554
1624580081,4/18/2016,10536,7.4,7.4,0,2.2,0.6,4.6,0.009999999776,17,7,202,1214,1604
1624580081,4/19/2016,2916,1.9,1.9,0,0,0,1.9,0,0,0,141,1299,1435
1624580081,4/20/2016,4974,3.2,3.2,0,0,0,3.2,0,0,0,151,1289,1446
1624580081,4/21/2016,6349,4.1,4.1,0,0,0,4.1,0.01999999955,0,0,186,1254,1467
1624580081,4/22/2016,4026,2.6,2.6,0,0,0,2.6,0,0,0,199,1241,1470
1624580081,4/23/2016,8538,5.6,5.6,0,0,0,5.5,0.009999999776,0,0,227,1213,1562
1624580081,4/24/2016,6076,4,4,0,1.1,0.9,1.9,0,16,18,185,1221,1617
1624580081,4/25/2016,6497,4.2,4.2,0,0,0,4.2,0.01999999955,0,0,202,1238,1492
1624580081,4/26/2016,2826,1.8,1.8,0,0,0,1.8,0.009999999776,0,0,140,1300,1402
1624580081,4/27/2016,8367,5.4,5.4,0,1.1,1.9,2.5,0,17,36,154,1233,1670
1624580081,4/28/2016,2759,1.8,1.8,0,0,0.2,1.6,0,0,5,115,1320,1401
1624580081,4/29/2016,2390,1.5,1.5,0,0,0,1.5,0,0,0,150,1290,1404
1624580081,4/30/2016,6474,4.3,4.3,0,0.9,1.3,2.1,0.009999999776,11,23,224,1182,1655
1624580081,5/1/2016,36019,28,28,0,21.9,4.2,1.9,0.01999999955,186,63,171,1020,2690
1624580081,5/2/2016,7155,4.9,4.9,0,0.9,0.6,3.5,0,7,6,166,1261,1497
1624580081,5/3/2016,2100,1.4,1.4,0,0,0,1.3,0.01999999955,0,0,96,1344,1334
1624580081,5/4/2016,2193,1.4,1.4,0,0,0,1.4,0,0,0,118,1322,1368
1624580081,5/5/2016,2470,1.6,1.6,0,0,0,1.6,0.01999999955,0,0,117,1323,1370
1624580081,5/6/2016,1727,1.1,1.1,0,0,0,1.1,0.009999999776,0,0,102,1338,1341
1624580081,5/7/2016,2104,1.4,1.4,0,0,0,1.4,0,0,0,182,1258,1474
1624580081,5/8/2016,3427,2.2,2.2,0,0,0,2.2,0,0,0,152,1288,1427
1624580081,5/9/2016,1732,1.1,1.1,0,0,0,1.1,0,0,0,91,1349,1328
1624580081,5/10/2016,2969,1.9,1.9,0,0,0,1.9,0.009999999776,0,0,139,1301,1393
1624580081,5/11/2016,3134,2,2,0,0,0,2,0,0,0,112,1328,1359
1624580081,5/12/2016,2971,1.9,1.9,0,0,0,1.9,0.009999999776,0,0,107,890,1002
1644430081,4/12/2016,10694,7.8,7.8,0,0.1,2.3,5.3,0,2,51,256,1131,3199
1644430081,4/13/2016,8001,5.8,5.8,0,2.3,0.9,2.6,0,30,16,135,1259,2902
1644430081,4/14/2016,11037,8,8,0,0.4,2.6,5.1,0,5,58,252,1125,3226
1644430081,4/15/2016,5263,3.8,3.8,0,0.2,0.2,3.5,0,3,4,170,1263,2750
1644430081,4/16/2016,15300,11.1,11.1,0,4.1,1.9,5.1,0,51,42,212,1135,3493
1644430081,4/17/2016,8757,6.4,6.4,0,2.3,0.6,3.5,0,29,13,186,1212,3011
1644430081,4/18/2016,7132,5.2,5.2,0,1.1,1.7,2.5,0,15,33,121,1271,2806
1644430081,4/19/2016,11256,8.2,8.2,0,0.4,2.5,5.3,0,5,58,278,1099,3300
1644430081,4/20/2016,2436,1.8,1.8,0,0,0,1.8,0.009999999776,0,0,125,1315,2430
1644430081,4/21/2016,1223,0.9,0.9,0,0,0,0.9,0.009999999776,0,0,38,1402,2140
1644430081,4/22/2016,3673,2.7,2.7,0,0,0,2.7,0.009999999776,0,0,86,1354,2344
1644430081,4/23/2016,6637,4.8,4.8,0,0,0.6,4.3,0,0,15,160,1265,2677
1644430081,4/24/2016,3321,2.4,2.4,0,0,0,2.4,0,0,0,89,1351,2413
1644430081,4/25/2016,3580,2.6,2.6,0,0.6,0.1,2,0,8,1,94,1337,2497
1644430081,4/26/2016,9919,7.2,7.2,0,0.8,1.7,4.7,0,11,41,223,1165,3123
1644430081,4/27/2016,3032,2.2,2.2,0,0,0,2.2,0,0,0,118,1322,2489
1644430081,4/28/2016,9405,6.8,6.8,0,0.2,2.3,4.3,0,3,53,227,1157,3108
1644430081,4/29/2016,3176,2.3,2.3,0,0,0,2.3,0,0,0,120,1193,2498
1644430081,4/30/2016,18213,13.2,13.2,0,0.6,3.1,9.5,0,9,71,402,816,3846
1644430081,5/1/2016,6132,4.5,4.5,0,0.2,1,3.2,0,3,24,146,908,2696
1644430081,5/2/2016,3758,2.7,2.7,0,0.1,0.3,2.3,0,1,7,148,682,2580
1644430081,5/3/2016,12850,9.3,9.3,0,0.7,4.1,4.5,0,10,94,221,1115,3324
1644430081,5/4/2016,2309,1.7,1.7,0,0,0,1.7,0.01999999955,0,0,52,1388,2222
1644430081,5/5/2016,4363,3.2,3.2,0,0.5,0.5,2.1,0.009999999776,6,12,81,1341,2463
1644430081,5/6/2016,9787,7.1,7.1,0,0.8,0.3,6,0.01999999955,11,6,369,1054,3328
1644430081,5/7/2016,13372,9.7,9.7,0,3.3,0.8,5.7,0.009999999776,41,17,243,1139,3404
1644430081,5/8/2016,6724,4.9,4.9,0,0,0,4.9,0,0,0,295,991,2987
1644430081,5/9/2016,6643,4.8,4.8,0,2.4,0.3,2.1,0.009999999776,32,6,303,1099,3008
1644430081,5/10/2016,9167,6.7,6.7,0,0.9,0.8,5,0.009999999776,12,19,155,1254,2799
1644430081,5/11/2016,1329,1,1,0,0,0,0.9,0.009999999776,0,0,49,713,1276
1844505072,4/12/2016,6697,4.4,4.4,0,0,0,4.4,0,0,0,339,1101,2030
1844505072,4/13/2016,4929,3.3,3.3,0,0,0,3.3,0,0,0,248,1192,1860
1844505072,4/14/2016,7937,5.3,5.3,0,0,0,5.2,0,0,0,373,843,2130
1844505072,4/15/2016,3844,2.5,2.5,0,0,0,2.5,0,0,0,176,527,1725
1844505072,4/16/2016,3414,2.3,2.3,0,0,0,2.3,0,0,0,147,1293,1657
1844505072,4/17/2016,4525,3,3,0,0.1,0.3,2.6,0,2,8,199,1231,1793
1844505072,4/18/2016,4597,3,3,0,0,0.5,2.6,0,0,12,217,1211,1814
1844505072,4/19/2016,197,0.1,0.1,0,0,0,0.1,0,0,0,10,1430,1366
1844505072,4/20/2016,8,0,0,0,0,0,0,0,0,0,1,1439,1349
1844505072,4/21/2016,8054,5.3,5.3,0,0.1,0.5,4.7,0,2,13,308,1117,2062
1844505072,4/22/2016,5372,3.5,3.5,0,0,0,3.5,0,0,0,220,1220,1827
1844505072,4/23/2016,3570,2.4,2.4,0,0,0,2.4,0,0,0,139,1301,1645
1844505072,4/24/2016,0,0,0,0,0,0,0,0,0,0,0,1440,1347
1844505072,4/25/2016,0,0,0,0,0,0,0,0,0,0,0,1440,1347
1844505072,4/26/2016,0,0,0,0,0,0,0,0,0,0,0,1440,1347
1844505072,4/27/2016,4,0,0,0,0,0,0,0,0,0,1,1439,1348
1844505072,4/28/2016,6907,4.6,4.6,0,0,0,4.6,0,0,0,302,1138,1992
1844505072,4/29/2016,4920,3.3,3.3,0,0,0,3.3,0,0,0,247,1082,1856
1844505072,4/30/2016,4014,2.7,2.7,0,0,0,2.7,0,0,0,184,218,1763
1844505072,5/1/2016,2573,1.7,1.7,0,0,0.3,1.5,0,0,7,75,585,1541
1844505072,5/2/2016,0,0,0,0,0,0,0,0,0,0,0,1440,1348
1844505072,5/3/2016,4059,2.7,2.7,0,0,0,2.7,0,0,0,184,1256,1742
1844505072,5/4/2016,2080,1.4,1.4,0,0,0,1.4,0,0,0,87,1353,1549
1844505072,5/5/2016,2237,1.5,1.5,0,0,0,1.5,0,0,0,120,1320,1589
1844505072,5/6/2016,44,0,0,0,0,0,0,0,0,0,2,1438,1351
1844505072,5/7/2016,0,0,0,0,0,0,0,0,0,0,0,1440,1347
1844505072,5/8/2016,0,0,0,0,0,0,0,0,0,0,0,1440,1347
1844505072,5/9/2016,0,0,0,0,0,0,0,0,0,0,0,1440,1347
1844505072,5/10/2016,0,0,0,0,0,0,0,0,0,0,0,1440,1347
1844505072,5/11/2016,0,0,0,0,0,0,0,0,0,0,0,1440,1347
1844505072,5/12/2016,0,0,0,0,0,0,0,0,0,0,0,711,665
1927972279,4/12/2016,678,0.5,0.5,0,0,0,0.5,0,0,0,55,734,2220
1927972279,4/13/2016,356,0.3,0.3,0,0,0,0.3,0,0,0,32,986,2151
1927972279,4/14/2016,2163,1.5,1.5,0,0,0.4,1.1,0,0,9,88,1292,2383
1927972279,4/15/2016,980,0.7,0.7,0,0,0,0.7,0,0,0,51,941,2221
1927972279,4/16/2016,0,0,0,0,0,0,0,0,0,0,0,1440,2064
1927972279,4/17/2016,0,0,0,0,0,0,0,0,0,0,0,1440,2063
1927972279,4/18/2016,244,0.2,0.2,0,0,0,0.2,0,0,0,17,1423,2111
1927972279,4/19/2016,0,0,0,0,0,0,0,0,0,0,0,1440,2063
1927972279,4/20/2016,0,0,0,0,0,0,0,0,0,0,0,1440,2063
1927972279,4/21/2016,0,0,0,0,0,0,0,0,0,0,0,1440,2064
1927972279,4/22/2016,149,0.1,0.1,0,0,0,0.1,0,0,0,10,1430,2093
1927972279,4/23/2016,2945,2,2,0,0,0,2,0,0,0,145,1295,2499
1927972279,4/24/2016,2090,1.5,1.5,0,0.1,0.2,1.1,0,1,6,75,1358,2324
1927972279,4/25/2016,152,0.1,0.1,0,0,0,0.1,0,0,0,12,1303,2100
1927972279,4/26/2016,3761,2.6,2.6,0,0,0,2.6,0,0,0,192,1058,2638
1927972279,4/27/2016,0,0,0,0,0,0,0,0,0,0,0,1440,2063
1927972279,4/28/2016,1675,1.2,1.2,0,0,0,1.2,0,0,0,95,1167,2351
1927972279,4/29/2016,0,0,0,0,0,0,0,0,0,0,0,1440,2063
1927972279,4/30/2016,0,0,0,0,0,0,0,0,0,0,0,1440,2064
1927972279,5/1/2016,2704,1.9,1.9,0,1,0,0.8,0,14,1,70,1355,2411
1927972279,5/2/2016,3790,2.6,2.6,0,1.2,0.3,1.2,0,16,8,94,1322,2505
1927972279,5/3/2016,1326,0.9,0.9,0,0.7,0,0.2,0,10,0,17,1413,2195
1927972279,5/4/2016,1786,1.2,1.2,0,0,0,1.2,0,0,0,87,1353,2338
1927972279,5/5/2016,0,0,0,0,0,0,0,0,0,0,0,1440,2063
1927972279,5/6/2016,2091,1.5,1.5,0,0,0,1.5,0,0,0,108,1332,2383
1927972279,5/7/2016,1510,1,1,0,0,0,1,0,0,0,48,1392,2229
1927972279,5/8/2016,0,0,0,0,0,0,0,0,0,0,0,1440,2063
1927972279,5/9/2016,0,0,0,0,0,0,0,0,0,0,0,1440,2063
1927972279,5/10/2016,0,0,0,0,0,0,0,0,0,0,0,1440,2063
1927972279,5/11/2016,0,0,0,0,0,0,0,0,0,0,0,1440,2063
1927972279,5/12/2016,0,0,0,0,0,0,0,0,0,0,0,966,1383
2022484408,4/12/2016,11875,8.3,8.3,0,3.3,0.8,4.3,0,42,14,227,1157,2390
2022484408,4/13/2016,12024,8.5,8.5,0,3,0.1,5.4,0,43,5,292,1100,2601
2022484408,4/14/2016,10690,7.5,7.5,0,2.5,0.2,4.8,0,32,3,257,1148,2312
2022484408,4/15/2016,11034,8,8,0,1.9,0.3,5.8,0,27,9,282,1122,2525
2022484408,4/16/2016,10100,7.1,7.1,0,3.2,0.6,3.4,0,41,11,151,1237,2177
2022484408,4/17/2016,15112,11.4,11.4,0,3.9,0.7,6.9,0,28,29,331,1052,2782
2022484408,4/18/2016,14131,10.1,10.1,0,3.6,0.1,6.3,0,48,3,311,1078,2770
2022484408,4/19/2016,11548,8.5,8.5,0,3.3,0.2,5,0,31,7,250,1152,2489
2022484408,4/20/2016,15112,10.7,10.7,0,3.3,1.9,5.4,0,48,63,276,1053,2897
2022484408,4/21/2016,12453,8.7,8.7,0,3.3,1.1,4.3,0,104,53,255,1028,3158
2022484408,4/22/2016,12954,9.3,9.3,0,4.4,0.4,4.5,0,52,10,273,1105,2638
2022484408,4/23/2016,6001,4.2,4.2,0,0,0,4.2,0,0,0,249,1191,2069
2022484408,4/24/2016,13481,10.3,10.3,0,4.6,1.1,4.6,0,37,26,216,1161,2529
2022484408,4/25/2016,11369,8,8,0,3.3,0.2,4.5,0,44,8,217,1171,2470
2022484408,4/26/2016,10119,7.2,7.2,0,1.4,0.7,5.1,0,55,24,275,1086,2793
2022484408,4/27/2016,10159,7.1,7.1,0,1,1,5.1,0,19,20,282,1119,2463
2022484408,4/28/2016,10140,7.1,7.1,0,0.4,1.3,5.4,0,6,20,291,1123,2296
2022484408,4/29/2016,10245,7.2,7.2,0,0.5,1.2,5.5,0,21,40,281,1098,2611
2022484408,4/30/2016,18387,12.9,12.9,0,0.9,1.4,10.6,0,13,23,361,1043,2732
2022484408,5/1/2016,10538,7.4,7.4,0,1.9,1,4.5,0,25,28,245,1142,2380
2022484408,5/2/2016,10379,7.3,7.3,0,2.6,0.3,4.3,0,36,8,277,1119,2473
2022484408,5/3/2016,12183,8.7,8.7,0,4,0.5,4.3,0,72,14,250,1104,2752
2022484408,5/4/2016,11768,8.3,8.3,0,2.5,0.9,4.8,0,36,27,272,1105,2649
2022484408,5/5/2016,11895,8.4,8.4,0,2.8,0.9,4.7,0,55,20,253,1112,2609
2022484408,5/6/2016,10227,7.2,7.2,0,1.9,0.7,4.6,0,24,17,295,1104,2498
2022484408,5/7/2016,6708,4.7,4.7,0,1.6,0.1,3,0,20,2,149,1269,1995
2022484408,5/8/2016,3292,2.3,2.3,0,0,0,2.3,0,0,0,135,1305,1848
2022484408,5/9/2016,13379,9.4,9.4,0,2.1,1.6,5.6,0,35,47,297,1061,2709
2022484408,5/10/2016,12798,9,9,0,2.2,1.2,5.6,0,57,28,271,1084,2797
2022484408,5/11/2016,13272,9.3,9.3,0,4.2,1.1,4,0,58,25,224,1133,2544
2022484408,5/12/2016,9117,6.4,6.4,0,1.3,0.7,4.4,0,16,16,236,728,1853
2026352035,4/12/2016,4414,2.7,2.7,0,0.2,0.3,2.2,0,3,8,181,706,1459
2026352035,4/13/2016,4993,3.1,3.1,0,0,0,3.1,0,0,0,238,663,1521
2026352035,4/14/2016,3335,2.1,2.1,0,0,0,2,0,0,0,197,653,1431
2026352035,4/15/2016,3821,2.4,2.4,0,0,0,2.4,0,0,0,188,687,1444
2026352035,4/16/2016,2547,1.6,1.6,0,0,0,1.6,0,0,0,150,728,1373
2026352035,4/17/2016,838,0.5,0.5,0,0,0,0.5,0,0,0,60,1053,1214
2026352035,4/18/2016,3325,2.1,2.1,0,0,0,2.1,0,0,0,182,1062,1419
2026352035,4/19/2016,2424,1.5,1.5,0,0,0,1.5,0,0,0,141,785,1356
2026352035,4/20/2016,7222,4.5,4.5,0,0,0,4.5,0,0,0,327,623,1667
2026352035,4/21/2016,2467,1.5,1.5,0,0,0,1.5,0,0,0,153,749,1370
2026352035,4/22/2016,2915,1.8,1.8,0,0,0,1.8,0,0,0,162,712,1399
2026352035,4/23/2016,12357,7.7,7.7,0,0,0,7.7,0,0,0,432,458,1916
2026352035,4/24/2016,3490,2.2,2.2,0,0,0,2.2,0,0,0,164,704,1401
2026352035,4/25/2016,6017,3.7,3.7,0,0,0,3.7,0,0,0,260,821,1576
2026352035,4/26/2016,5933,3.7,3.7,0,0,0,3.7,0,0,0,288,1018,1595
2026352035,4/27/2016,6088,3.8,3.8,0,0,0,3.8,0,0,0,286,586,1593
2026352035,4/28/2016,6375,4,4,0,0,0,4,0,0,0,331,626,1649
2026352035,4/29/2016,7604,4.7,4.7,0,0,0,4.7,0,0,0,352,492,1692
2026352035,4/30/2016,4729,2.9,2.9,0,0,0,2.9,0,0,0,233,594,1506
2026352035,5/1/2016,3609,2.3,2.3,0,0,0,2.3,0,0,0,191,716,1447
2026352035,5/2/2016,7018,4.3,4.3,0,0,0,4.3,0,0,0,355,716,1690
2026352035,5/3/2016,5992,3.7,3.7,0,0,0,3.7,0,0,0,304,981,1604
2026352035,5/4/2016,6564,4.1,4.1,0,0,0,4.1,0,0,0,345,530,1658
2026352035,5/5/2016,12167,7.5,7.5,0,0,0,7.5,0,0,0,475,479,1926
2026352035,5/6/2016,8198,5.1,5.1,0,0,0,5.1,0,0,0,383,511,1736
2026352035,5/7/2016,4193,2.6,2.6,0,0,0,2.6,0,0,0,229,665,1491
2026352035,5/8/2016,5528,3.5,3.5,0,0,0,3.5,0,0,0,258,610,1555
2026352035,5/9/2016,10685,6.6,6.6,0,0,0,6.6,0,0,0,401,543,1869
2026352035,5/10/2016,254,0.2,0.2,0,0,0,0.2,0,0,0,17,1002,1141
2026352035,5/11/2016,8580,5.3,5.3,0,0,0,5.3,0,0,0,330,569,1698
2026352035,5/12/2016,8891,5.5,5.5,0,0,0,5.5,0,0,0,343,330,1364
2320127002,4/12/2016,10725,7.5,7.5,0,1.2,0.3,6,0,13,9,306,1112,2124
2320127002,4/13/2016,7275,4.9,4.9,0,0,0,4.9,0,0,0,335,1105,2003
2320127002,4/14/2016,3973,2.7,2.7,0,0,0,2.7,0,0,0,191,1249,1696
2320127002,4/15/2016,5205,3.5,3.5,0,0,0,3.5,0,0,0,245,1195,1801
2320127002,4/16/2016,5057,3.4,3.4,0,0,0,3.4,0,0,0,195,1245,1724
2320127002,4/17/2016,6198,4.2,4.2,0,0,0,4.2,0,0,0,249,1191,1852
2320127002,4/18/2016,6559,4.4,4.4,0,0,0.3,4.1,0,0,7,260,1173,1905
2320127002,4/19/2016,5997,4,4,0,0,0.4,3.7,0,0,11,228,1201,1811
2320127002,4/20/2016,7192,4.8,4.8,0,0,0.5,4.3,0,0,11,283,1146,1922
2320127002,4/21/2016,3404,2.3,2.3,0,0.1,0.4,1.8,0,1,10,127,1302,1610
2320127002,4/22/2016,5583,3.8,3.8,0,0,0,3.8,0,0,0,266,1174,1851
2320127002,4/23/2016,5079,3.4,3.4,0,0,0,3.4,0,0,0,242,1129,1804
2320127002,4/24/2016,4165,2.8,2.8,0,0,0,2.8,0,0,0,204,1236,1725
2320127002,4/25/2016,3588,2.4,2.4,0,0.2,0.2,2,0,3,5,152,1280,1654
2320127002,4/26/2016,3409,2.3,2.3,0,0,0,2.3,0,0,0,147,1293,1632
2320127002,4/27/2016,1715,1.2,1.2,0,0,0,1.2,0,0,0,82,1358,1481
2320127002,4/28/2016,1532,1,1,0,0,0,1,0,0,0,76,1364,1473
2320127002,4/29/2016,924,0.6,0.6,0,0,0,0.6,0,0,0,45,1395,1410
2320127002,4/30/2016,4571,3.1,3.1,0,0,0,3.1,0,0,0,234,1206,1779
2320127002,5/1/2016,772,0.5,0.5,0,0,0,0.5,0,0,0,40,1400,1403
2320127002,5/2/2016,3634,2.5,2.5,0,0.4,0.2,1.9,0,5,6,123,1306,1613
2320127002,5/3/2016,7443,5,5,0,1.5,0.4,3.2,0,20,10,206,1204,1878
2320127002,5/4/2016,1201,0.8,0.8,0,0,0,0.8,0,0,0,52,1388,1426
2320127002,5/5/2016,5202,3.5,3.5,0,0,0.4,3.1,0,0,11,223,1206,1780
2320127002,5/6/2016,4878,3.3,3.3,0,0,0,3.3,0,0,0,204,1236,1742
2320127002,5/7/2016,7379,5,5,0,0,0,5,0,0,0,319,1121,1972
2320127002,5/8/2016,5161,3.5,3.5,0,0,0,3.5,0,0,0,247,1193,1821
2320127002,5/9/2016,3090,2.1,2.1,0,0,0,2.1,0,0,0,145,1295,1630
2320127002,5/10/2016,6227,4.2,4.2,0,0,0,4.2,0,0,0,290,1150,1899
2320127002,5/11/2016,6424,4.3,4.3,0,0,0,4.3,0,0,0,300,1140,1903
2320127002,5/12/2016,2661,1.8,1.8,0,0,0,1.8,0,0,0,128,830,1125
2347167796,4/12/2016,10113,6.8,6.8,0,2,0.6,4.2,0,28,13,320,964,2344
2347167796,4/13/2016,10352,7,7,0,1.7,1.9,3.4,0,19,32,195,676,2038
2347167796,4/14/2016,10129,6.7,6.7,0,0,2.7,3.9,0,1,48,206,705,2010
2347167796,4/15/2016,10465,6.9,6.9,0,0.1,1.4,5.4,0,1,24,284,720,2133
2347167796,4/16/2016,22244,15.1,15.1,0,5.4,4.1,5.5,0,66,72,268,968,2670
2347167796,4/17/2016,5472,3.6,3.6,0,0.1,0.3,3.3,0,1,7,249,508,1882
2347167796,4/18/2016,8247,5.4,5.4,0,0.8,0.9,3.8,0,11,16,206,678,1944
2347167796,4/19/2016,6711,4.4,4.4,0,0,0,4.4,0,0,7,382,648,2346
2347167796,4/20/2016,10999,7.3,7.3,0,0.7,1.8,4.8,0,11,43,269,1011,2198
2347167796,4/21/2016,10080,6.8,6.8,0,1.9,1.5,3.4,0,23,26,208,761,2048
2347167796,4/22/2016,7804,5.2,5.2,0,0.6,1.7,2.9,0,9,27,206,781,1946
2347167796,4/23/2016,16901,11.4,11.4,0,2.8,1.5,7.2,0,32,35,360,591,2629
2347167796,4/24/2016,9471,6.3,6.3,0,0,0,6.3,0,0,0,360,584,2187
2347167796,4/25/2016,9482,6.4,6.4,0,1.3,0.5,4.6,0,15,11,277,653,2095
2347167796,4/26/2016,5980,4,4,0,0,0,4,0,0,0,227,732,1861
2347167796,4/27/2016,11423,7.6,7.6,0,1.9,0.4,5.3,0,26,9,295,623,2194
2347167796,4/28/2016,5439,3.6,3.6,0,0,0,3.6,0,0,0,229,764,1854
2347167796,4/29/2016,42,0,0,0,0,0,0,0,0,0,4,2,403
2873212765,4/12/2016,8796,5.9,5.9,0,0.1,0.9,4.9,0,2,21,356,1061,1982
2873212765,4/13/2016,7618,5.1,5.1,0,0,0.2,4.9,0.01999999955,0,8,404,1028,2004
2873212765,4/14/2016,7910,5.3,5.3,0,0,0,5.3,0,0,0,331,1109,1893
2873212765,4/15/2016,8482,5.7,5.7,0,0,0,5.7,0.009999999776,0,0,448,992,2063
2873212765,4/16/2016,9685,6.7,6.7,0,3.1,0,3.5,0.009999999776,47,1,305,1087,2148
2873212765,4/17/2016,2524,1.7,1.7,0,0,0.3,1.3,0,0,8,160,1272,1529
2873212765,4/18/2016,7762,5.2,5.2,0,0.1,0.3,4.9,0,1,6,311,1122,1890
2873212765,4/19/2016,7948,5.4,5.4,0,0,0,5.4,0,0,0,389,1051,1956
2873212765,4/20/2016,9202,6.3,6.3,0,1.5,0.1,4.7,0.009999999776,22,5,378,1035,2094
2873212765,4/21/2016,8859,6,6,0,0.1,0.4,5.5,0.009999999776,2,10,371,1057,1970
2873212765,4/22/2016,7286,4.9,4.9,0,0.5,0,4.4,0.01999999955,46,0,366,1028,2241
2873212765,4/23/2016,9317,6.3,6.3,0,2.1,0.2,4,0.009999999776,28,5,330,1077,2021
2873212765,4/24/2016,6873,4.7,4.7,0,3,0.1,1.6,0,46,1,190,1203,1898
2873212765,4/25/2016,7373,4.9,4.9,0,0,0,4.9,0,0,0,359,1081,1907
2873212765,4/26/2016,8242,5.5,5.5,0,0.1,0.2,5.2,0,2,5,309,1124,1882
2873212765,4/27/2016,3516,2.4,2.4,0,0,0,2.4,0,46,0,197,1197,1966
2873212765,4/28/2016,7913,5.4,5.4,0,2.2,0.3,2.9,0,28,7,213,1192,1835
2873212765,4/29/2016,7365,4.9,4.9,0,1.4,1.4,2.2,0,20,23,206,1191,1780
2873212765,4/30/2016,8452,5.7,5.7,0,0.3,1.1,4.3,0.009999999776,5,20,248,1167,1830
2873212765,5/1/2016,7399,5,5,0,0.5,1,3.4,0,7,18,196,1219,1739
2873212765,5/2/2016,7525,5.1,5.1,0,0,0.2,4.8,0.01999999955,0,7,334,1099,1878
2873212765,5/3/2016,7412,5,5,0,0.1,0.3,4.7,0.009999999776,1,6,363,1070,1906
2873212765,5/4/2016,8278,5.6,5.6,0,0,0,5.6,0,0,0,420,1020,2015
2873212765,5/5/2016,8314,5.6,5.6,0,0.8,0.8,4,0,13,23,311,1093,1971
2873212765,5/6/2016,7063,4.8,4.8,0,0,0.1,4.6,0.009999999776,0,5,370,1065,1910
2873212765,5/7/2016,4940,3.4,3.4,0,2.3,0.6,0.6,0,75,11,52,1302,1897
2873212765,5/8/2016,8168,5.5,5.5,0,2.9,0,2.6,0,46,0,326,1068,2096
2873212765,5/9/2016,7726,5.2,5.2,0,0,0,5.2,0,0,0,345,1095,1906
2873212765,5/10/2016,8275,5.6,5.6,0,0,0,5.6,0.009999999776,0,0,373,1067,1962
2873212765,5/11/2016,6440,4.3,4.3,0,0,0,4.3,0.009999999776,0,0,319,1121,1826
2873212765,5/12/2016,7566,5.1,5.1,0,0,0,5.1,0,0,0,268,720,1431
3372868164,4/12/2016,4747,3.2,3.2,0,0,0,3.2,0.009999999776,0,0,280,1160,1788
3372868164,4/13/2016,9715,6.6,6.6,0,1,0.3,5.3,0.01999999955,16,8,371,1045,2093
3372868164,4/14/2016,8844,6,6,0,0.3,1,4.7,0.009999999776,6,25,370,1039,2065
3372868164,4/15/2016,7451,5.1,5.1,0,0,0,5.1,0.01999999955,0,0,335,1105,1908
3372868164,4/16/2016,6905,4.7,4.7,0,0,0,4.7,0.02999999933,0,0,356,1084,1908
3372868164,4/17/2016,8199,5.9,5.9,0,1.4,0.1,4.4,0.009999999776,11,2,322,1105,1964
3372868164,4/18/2016,6798,4.6,4.6,0,1.1,0.2,3.3,0,20,7,343,1070,2014
3372868164,4/19/2016,7711,5.3,5.3,0,0,0,5.2,0.01999999955,0,0,376,1064,1985
3372868164,4/20/2016,4880,3.3,3.3,0,0.8,0.1,2.4,0.01999999955,15,3,274,1148,1867
3372868164,4/21/2016,8857,6.1,6.1,0,1.1,0.3,4.6,0.009999999776,18,9,376,1037,2124
3372868164,4/22/2016,3843,2.6,2.6,0,0,0,2.6,0.009999999776,0,0,206,1234,1669
3372868164,4/23/2016,7396,5.1,5.1,0,1.4,0.1,3.6,0,20,2,303,1115,1995
3372868164,4/24/2016,6731,4.6,4.6,0,0.9,0.2,3.5,0.01999999955,14,7,292,1127,1921
3372868164,4/25/2016,5995,4.1,4.1,0,0,0,4.1,0,0,0,416,1024,2010
3372868164,4/26/2016,8283,5.8,5.8,0,1.9,0.1,3.9,0.009999999776,22,2,333,1083,2057
3372868164,4/27/2016,7904,5.4,5.4,0,1.6,0.6,3.2,0.009999999776,24,13,346,1057,2095
3372868164,4/28/2016,5512,3.8,3.8,0,0,0,3.8,0,0,0,385,1055,1972
3372868164,4/29/2016,9135,6.2,6.2,0,0,0,6.2,0.009999999776,0,0,402,1038,2044
3372868164,4/30/2016,5250,3.6,3.6,0,1.1,0.1,2.4,0.009999999776,17,4,300,1119,1946
3372868164,5/1/2016,3077,2.1,2.1,0,0,0,2.1,0,0,0,172,842,1237
3977333714,4/12/2016,8856,6,6,0,3.1,0.9,2,0,44,19,131,777,1450
3977333714,4/13/2016,10035,6.7,6.7,0,2,2.1,2.5,0,31,46,153,754,1495
3977333714,4/14/2016,7641,5.1,5.1,0,0.3,1,3.8,0,5,23,214,801,1433
3977333714,4/15/2016,9010,6.1,6.1,0,1,1.8,3.3,0,15,42,183,644,1468
3977333714,4/16/2016,13459,9,9,0,2,4,3,0,31,83,153,663,1625
3977333714,4/17/2016,10415,7,7,0,0.7,2.3,3.9,0,11,58,205,600,1529
3977333714,4/18/2016,11663,7.8,7.8,0,0.3,3.7,3.8,0,4,95,214,605,1584
3977333714,4/19/2016,12414,8.8,8.8,0,2.2,2.5,4,0,19,67,221,738,1638
3977333714,4/20/2016,11658,7.8,7.8,0,0.2,4.3,3.3,0,2,98,164,845,1554
3977333714,4/21/2016,6093,4.1,4.1,0,0,0,4.1,0,0,0,242,712,1397
3977333714,4/22/2016,8911,6,6,0,2.3,0.6,3.1,0,33,12,188,731,1481
3977333714,4/23/2016,12058,8.1,8.1,0,0,4.2,3.8,0,0,92,252,724,1638
3977333714,4/24/2016,14112,10,10,0,3.3,4.6,2.2,0,30,95,129,660,1655
3977333714,4/25/2016,11177,8.5,8.5,0,5.6,0.4,2.4,0,50,9,133,781,1570
3977333714,4/26/2016,11388,7.6,7.6,0,0.4,4.2,3,0,7,95,170,797,1551
3977333714,4/27/2016,7193,5,5,0,0,0.4,4.6,0,0,10,176,714,1377
3977333714,4/28/2016,7114,4.9,4.9,0,1.4,0.3,3.2,0,15,8,190,804,1407
3977333714,4/29/2016,10645,7.8,7.8,0,3.7,1.3,2.7,0,36,32,150,744,1545
3977333714,4/30/2016,13238,9.2,9.2,0,3.7,2.1,3.4,0,43,52,194,687,1650
3977333714,5/1/2016,10414,7.1,7.1,0,2.7,2,2.4,0,41,40,124,691,1501
3977333714,5/2/2016,16520,11.1,11.1,0,1.5,6.5,3,0,24,143,176,713,1760
3977333714,5/3/2016,14335,9.6,9.6,0,3.3,1.7,4.5,0,47,41,258,594,1710
3977333714,5/4/2016,13559,9.4,9.4,0,1.8,4.6,2.9,0,14,96,142,852,1628
3977333714,5/5/2016,12312,8.6,8.6,0,1.8,4.1,2.7,0,14,88,178,680,1618
3977333714,5/6/2016,11677,8.3,8.3,0,3.1,2.5,2.7,0,29,55,168,676,1590
3977333714,5/7/2016,11550,7.7,7.7,0,0,4.1,3.6,0,0,86,208,703,1574
3977333714,5/8/2016,13585,9.1,9.1,0,0.7,5.2,3.2,0,9,116,171,688,1633
3977333714,5/9/2016,14687,10.1,10.1,0,0.8,5.6,3.5,0,8,122,151,1159,1667
3977333714,5/10/2016,13072,8.8,8.8,0,0.1,5.4,3.3,0,1,115,196,676,1630
3977333714,5/11/2016,746,0.5,0.5,0,0.4,0,0.1,0,4,0,9,13,52
4020332650,4/12/2016,8539,6.1,6.1,0,0.2,0.2,5.7,0,4,15,331,712,3654
4020332650,4/13/2016,0,0,0,0,0,0,0,0,0,0,0,1440,1981
4020332650,4/14/2016,108,0.1,0.1,0,0,0,0,0,0,0,3,1437,2011
4020332650,4/15/2016,1882,1.4,1.4,0,0.2,0.4,0.8,0,36,18,87,1299,2951
4020332650,4/16/2016,1982,1.4,1.4,0,0.4,0.4,0.6,0,65,21,55,1222,3051
4020332650,4/17/2016,16,0,0,0,0,0,0,0,0,0,2,1438,1990
4020332650,4/18/2016,62,0,0,0,0,0,0,0,0,0,2,1438,1995
4020332650,4/19/2016,0,0,0,0,0,0,0,0,0,0,0,1440,1980
4020332650,4/20/2016,0,0,0,0,0,0,0,0,0,0,0,1440,1980
4020332650,4/21/2016,0,0,0,0,0,0,0,0,0,0,0,1440,1980
4020332650,4/22/2016,0,0,0,0,0,0,0,0,0,0,0,1440,1980
4020332650,4/23/2016,0,0,0,0,0,0,0,0,0,0,0,1440,1980
4020332650,4/24/2016,0,0,0,0,0,0,0,0,0,0,0,1440,1980
4020332650,4/25/2016,0,0,0,0,0,0,0,0,0,0,0,1440,1980
4020332650,4/26/2016,0,0,0,0,0,0,0,0,0,0,0,1440,1980
4020332650,4/27/2016,0,0,0,0,0,0,0,0,0,0,0,1440,1980
4020332650,4/28/2016,0,0,0,0,0,0,0,0,0,0,0,1440,1980
4020332650,4/29/2016,0,0,0,0,0,0,0,0,0,0,0,1440,1980
4020332650,4/30/2016,0,0,0,0,0,0,0,0,0,0,0,1440,1980
4020332650,5/1/2016,0,0,0,0,0,0,0,0,0,0,0,1440,1980
4020332650,5/2/2016,475,0.3,0.3,0,0,0,0.3,0,0,11,31,1350,2207
4020332650,5/3/2016,4496,3.2,3.2,0,0,0,3.2,0.05000000075,0,0,174,950,2828
4020332650,5/4/2016,10252,7.3,7.3,0,0.7,1,5.6,0,13,46,346,531,3879
4020332650,5/5/2016,11728,8.4,8.4,0,2.6,1.7,4,0.0700000003,38,42,196,916,3429
4020332650,5/6/2016,4369,3.1,3.1,0,0,0,3.1,0.009999999776,0,0,177,855,2704
4020332650,5/7/2016,6132,4.4,4.4,0,0,0,3.6,0,0,0,184,1256,2975
4020332650,5/8/2016,5862,4.2,4.2,0,0,0,4.2,0,0,0,263,775,3089
4020332650,5/9/2016,4556,3.3,3.3,0,0.2,0.1,2.9,0,3,5,173,1225,2785
4020332650,5/10/2016,5546,4,4,0,0,0,3.9,0.03999999911,0,0,206,774,2926
4020332650,5/11/2016,3689,2.7,2.7,0,0.1,0.2,2.3,0,2,8,134,1296,2645
4020332650,5/12/2016,590,0.4,0.4,0,0,0,0.4,0,0,0,21,721,1120
4057192912,4/12/2016,5394,4,4,0,0,0,3.9,0,0,0,164,1276,2286
4057192912,4/13/2016,5974,4.5,4.5,0,0,0,4.4,0,0,0,160,1280,2306
4057192912,4/14/2016,0,0,0,0,0,0,0,0,0,0,0,1440,1776
4057192912,4/15/2016,3984,3,3,0,0.2,0.3,2.4,0,3,6,88,873,1527
4319703577,4/12/2016,7753,5.2,5.2,0,0,0,0,0,0,0,0,1440,2115
4319703577,4/13/2016,8204,5.5,5.5,0,0.5,0.6,1.3,0,8,15,96,1234,2135
4319703577,4/14/2016,10210,6.9,6.9,0,0.1,0.3,6.4,0,1,9,339,589,2302
4319703577,4/15/2016,5664,3.8,3.8,0,0,0,3.8,0,0,0,228,752,1985
4319703577,4/16/2016,4744,3.2,3.2,0,0,0,3.2,0,0,0,194,724,1884
4319703577,4/17/2016,29,0,0,0,0,0,0,0,0,0,3,1363,1464
4319703577,4/18/2016,2276,1.5,1.5,0,0.1,0.3,1.1,0,1,9,58,824,1632
4319703577,4/19/2016,8925,6,6,0,0,0,6,0,0,0,311,604,2200
4319703577,4/20/2016,8954,6,6,0,0,0.7,5.3,0,0,18,306,671,2220
4319703577,4/21/2016,3702,2.5,2.5,0,0,0,0.3,0,0,0,34,1265,1792
4319703577,4/22/2016,4500,3,3,0,0.1,0.8,2.2,0,1,19,176,709,1886
4319703577,4/23/2016,4935,3.3,3.3,0,0,0,3.3,0,0,0,233,546,1945
4319703577,4/24/2016,4081,2.7,2.7,0,0.1,0.2,2.5,0,1,5,191,692,1880
4319703577,4/25/2016,9259,6.2,6.2,0,0,0.3,5.9,0,0,8,390,544,2314
4319703577,4/26/2016,9899,6.6,6.6,0,0.6,0.9,5.2,0,8,21,288,649,2236
4319703577,4/27/2016,10780,7.2,7.2,0,0.4,1.9,4.9,0,6,47,300,680,2324
4319703577,4/28/2016,10817,7.3,7.3,0,1,0.3,5.9,0,13,8,359,552,2367
4319703577,4/29/2016,7990,5.4,5.4,0,0.4,0.8,4.1,0,6,18,289,624,2175
4319703577,4/30/2016,8221,5.5,5.5,0,0.4,1.6,3.5,0,6,38,196,695,2092
4319703577,5/1/2016,1251,0.8,0.8,0,0,0,0.8,0,0,0,67,836,1593
4319703577,5/2/2016,9261,6.2,6.2,0,0,0.4,5.7,0,0,11,344,585,2270
4319703577,5/3/2016,9648,6.5,6.5,0,0.6,1.1,4.8,0,8,26,287,669,2235
4319703577,5/4/2016,10429,7,7,0,0.6,0.6,5.8,0,8,13,313,1106,2282
4319703577,5/5/2016,13658,9.5,9.5,0,2.6,1.4,5.4,0,27,34,328,957,2530
4319703577,5/6/2016,9524,6.4,6.4,0,0.4,0.5,5.5,0,6,11,314,692,2266
4319703577,5/7/2016,7937,5.3,5.3,0,0.2,1,4.1,0,3,28,279,586,2158
4319703577,5/8/2016,3672,2.5,2.5,0,0,0,2.5,0,0,0,153,603,1792
4319703577,5/9/2016,10378,7,7,0,0.1,0.6,6.3,0,2,14,374,490,2345
4319703577,5/10/2016,9487,6.4,6.4,0,0.2,0.5,5.7,0,3,12,329,555,2260
4319703577,5/11/2016,9129,6.1,6.1,0,0.2,0.7,5.2,0,3,18,311,574,2232
4319703577,5/12/2016,17,0,0,0,0,0,0,0,0,0,2,0,257
4388161847,4/12/2016,10122,7.8,7.8,0,0,0,0,0,0,0,0,1440,2955
4388161847,4/13/2016,10993,8.4,8.4,0,0.1,0.6,3.9,0,1,14,150,1275,3092
4388161847,4/14/2016,8863,6.8,6.8,0,0.1,1.1,5.6,0,10,35,219,945,2998
4388161847,4/15/2016,8758,6.7,6.7,0,0,0,6.7,0,0,0,299,837,3066
4388161847,4/16/2016,6580,5.1,5.1,0,0.2,0.4,4.4,0,6,9,253,609,3073
4388161847,4/17/2016,4660,3.6,3.6,0,0,0,3.6,0,0,0,201,721,2572
4388161847,4/18/2016,11009,9.1,9.1,0,3.6,0.4,5.1,0,27,8,239,1017,3274
4388161847,4/19/2016,10181,7.8,7.8,0,1.4,0.7,5.8,0,20,16,249,704,3015
4388161847,4/20/2016,10553,8.1,8.1,0,1.1,1.7,5.3,0,19,42,228,696,3083
4388161847,4/21/2016,10055,7.7,7.7,0,0.4,0.4,7,0,7,12,272,853,3069
4388161847,4/22/2016,12139,9.3,9.3,0,3.3,1.1,4.9,0,77,25,220,945,3544
4388161847,4/23/2016,13236,10.2,10.2,0,4.5,0.3,5.3,0,58,5,215,749,3306
4388161847,4/24/2016,10243,7.9,7.9,0,1.1,0.5,6.3,0,14,8,239,584,2885
4388161847,4/25/2016,12961,10,10,0,0.7,1.4,7.8,0,11,31,301,1054,3288
4388161847,4/26/2016,9461,7.3,7.3,0,0.9,1.1,5.3,0,14,23,224,673,2929
4388161847,4/27/2016,11193,8.6,8.6,0,0.7,2.5,5.4,0,11,48,241,684,3074
4388161847,4/28/2016,10074,7.8,7.8,0,1.3,0.4,6,0,19,9,234,878,2969
4388161847,4/29/2016,9232,7.1,7.1,0,0.8,0.9,5.4,0,13,16,236,1175,2979
4388161847,4/30/2016,12533,9.6,9.6,0,0.7,2,6.9,0,14,43,300,537,3283
4388161847,5/1/2016,10255,7.9,7.9,0,1,0.7,6.2,0,12,15,241,579,2926
4388161847,5/2/2016,10096,8.4,8.4,0,3.8,0.1,4.6,0,33,4,204,935,3147
4388161847,5/3/2016,12727,9.8,9.8,0,1.1,0.8,7.9,0,18,18,306,984,3290
4388161847,5/4/2016,12375,9.5,9.5,0,2.8,0.9,5.8,0,35,21,251,632,3162
4388161847,5/5/2016,9603,7.4,7.4,0,0.6,1.7,5.1,0,12,39,199,896,2899
4388161847,5/6/2016,13175,10.1,10.1,0,2.1,2.1,5.9,0,33,45,262,1100,3425
4388161847,5/7/2016,22770,17.5,17.5,0,9.4,2.8,5.3,0,120,56,260,508,4022
4388161847,5/8/2016,17298,14.4,14.4,0,9.9,1.3,3.2,0,107,38,178,576,3934
4388161847,5/9/2016,10218,7.9,7.9,0,0.3,0.7,6.8,0,6,19,258,1020,3013
4388161847,5/10/2016,10299,7.9,7.9,0,0.8,0.6,6.5,0,13,14,267,648,3061
4388161847,5/11/2016,10201,7.8,7.8,0,0.5,0.8,6.5,0,8,18,256,858,2954
4388161847,5/12/2016,3369,2.6,2.6,0,0,0,2.6,0,0,0,108,825,1623
4445114986,4/12/2016,3276,2.2,2.2,0,0,0,2.2,0,0,0,196,787,2113
4445114986,4/13/2016,2961,2,2,0,0,0,2,0,0,0,194,840,2095
4445114986,4/14/2016,3974,2.7,2.7,0,0,0,2.7,0,0,0,231,717,2194
4445114986,4/15/2016,7198,4.8,4.8,0,0,0,4.8,0,0,0,350,711,2496
4445114986,4/16/2016,3945,2.7,2.7,0,0,0,2.7,0,0,0,225,716,2180
4445114986,4/17/2016,2268,1.5,1.5,0,0,0,1.5,0,0,0,114,1219,1933
4445114986,4/18/2016,6155,4.2,4.2,0,2,0.3,2,0,25,6,162,1247,2248
4445114986,4/19/2016,2064,1.4,1.4,0,0,0,1.4,0,0,0,121,895,1954
4445114986,4/20/2016,2072,1.4,1.4,0,0,0,1.4,0,0,0,137,841,1974
4445114986,4/21/2016,3809,2.6,2.6,0,0,0,2.5,0,0,0,215,756,2150
4445114986,4/22/2016,6831,4.6,4.6,0,0,0,4.6,0,0,0,317,706,2432
4445114986,4/23/2016,4363,2.9,2.9,0,0,0,2.9,0,0,0,201,1239,2149
4445114986,4/24/2016,5002,3.4,3.4,0,0,0,3.4,0,0,0,244,1196,2247
4445114986,4/25/2016,3385,2.3,2.3,0,0,0,2.3,0,0,0,179,916,2070
4445114986,4/26/2016,6326,4.4,4.4,0,2.4,0,2,0,29,1,180,839,2291
4445114986,4/27/2016,7243,5,5,0,2.6,0,2.4,0,32,1,194,839,2361
4445114986,4/28/2016,4493,3,3,0,0,0,3,0,0,0,236,762,2203
4445114986,4/29/2016,4676,3.1,3.1,0,0,0,3.1,0,0,0,226,1106,2196
4445114986,4/30/2016,6222,4.2,4.2,0,0,0,4.2,0,0,0,290,797,2363
4445114986,5/1/2016,5232,3.5,3.5,0,0,0,3.5,0,0,0,240,741,2246
4445114986,5/2/2016,6910,4.8,4.8,0,2.2,0.2,2.3,0,27,4,200,667,2336
4445114986,5/3/2016,7502,5.2,5.2,0,2.5,0.1,2.6,0,30,2,233,725,2421
4445114986,5/4/2016,2923,2,2,0,0,0,2,0,0,0,180,897,2070
4445114986,5/5/2016,3800,2.5,2.5,0,0.1,0.2,2.2,0,2,6,185,734,2120
4445114986,5/6/2016,4514,3,3,0,0,0,3,0,0,0,229,809,2211
4445114986,5/7/2016,5183,3.6,3.6,0,2.1,0.2,1.3,0,26,4,108,866,2123
4445114986,5/8/2016,7303,4.9,4.9,0,0,0.3,4.7,0,0,8,308,733,2423
4445114986,5/9/2016,5275,3.5,3.5,0,0,0,3.5,0,0,0,266,641,2281
4445114986,5/10/2016,3915,2.6,2.6,0,0,0,2.6,0,0,0,231,783,2181
4445114986,5/11/2016,9105,6.1,6.1,0,2.3,1,2.9,0,34,22,232,622,2499
4445114986,5/12/2016,768,0.5,0.5,0,0,0,0.5,0,0,0,58,380,1212
4558609924,4/12/2016,5135,3.4,3.4,0,0,0,3.4,0,0,0,318,1122,1909
4558609924,4/13/2016,4978,3.3,3.3,0,1.2,0.4,1.6,0,19,7,127,1287,1722
4558609924,4/14/2016,6799,4.5,4.5,0,0,0,4.5,0,0,0,279,1161,1922
4558609924,4/15/2016,7795,5.2,5.2,0,0.6,0.8,3.7,0,17,30,262,1131,2121
4558609924,4/16/2016,7289,4.8,4.8,0,0.6,0.8,3.5,0,8,12,308,1112,1997
4558609924,4/17/2016,9634,6.4,6.4,0,0.6,1.1,4.7,0,7,19,304,1110,2117
4558609924,4/18/2016,8940,5.9,5.9,0,1,0.9,4,0,14,15,331,1080,2116
4558609924,4/19/2016,5401,3.6,3.6,0,0.1,0.4,3.2,0,1,9,248,1182,1876
4558609924,4/20/2016,4803,3.2,3.2,0,0,0,3.2,0,0,0,222,1218,1788
4558609924,4/21/2016,13743,9.1,9.1,0,0.4,1,7.7,0,6,21,432,844,2486
4558609924,4/22/2016,9601,6.3,6.3,0,1.4,1.5,3.5,0,20,25,273,1122,2094
4558609924,4/23/2016,6890,4.6,4.6,0,0.3,0.2,4,0,5,5,308,1122,2085
4558609924,4/24/2016,8563,5.7,5.7,0,0,0,5.7,0,0,0,395,1045,2173
4558609924,4/25/2016,8095,5.3,5.3,0,0.6,0.3,4.5,0,18,10,340,993,2225
4558609924,4/26/2016,9148,6.1,6.1,0,0.4,2,3.6,0,12,41,283,1062,2223
4558609924,4/27/2016,9557,6.3,6.3,0,2,0.9,3.5,0,27,14,312,1087,2098
4558609924,4/28/2016,9451,6.3,6.3,0,0,0.3,5.9,0,1,11,367,985,2185
4558609924,4/29/2016,7833,5.2,5.2,0,1,1.9,2.3,0,15,29,197,1096,1918
4558609924,4/30/2016,10319,6.8,6.8,0,0.5,1.9,4.5,0,7,29,293,1111,2105
4558609924,5/1/2016,3428,2.3,2.3,0,0,0,2.3,0,0,0,190,1121,1692
4558609924,5/2/2016,7891,5.2,5.2,0,0,0,5.2,0,0,0,383,1057,2066
4558609924,5/3/2016,5267,3.5,3.5,0,0.6,0.3,2.6,0,21,10,237,1172,1953
4558609924,5/4/2016,5232,3.5,3.5,0,0,0,3.5,0,0,0,252,1188,1842
4558609924,5/5/2016,10611,7,7,0,1,0.5,5.5,0,14,8,370,1048,2262
4558609924,5/6/2016,3755,2.5,2.5,0,0,0,2.5,0,0,0,202,1238,1722
4558609924,5/7/2016,8237,5.4,5.4,0,1.6,1,2.8,0,23,16,233,1116,1973
4558609924,5/8/2016,6543,4.3,4.3,0,1.8,0.5,2,0,66,35,238,1019,2666
4558609924,5/9/2016,11451,7.6,7.6,0,0.4,1.6,5.5,0,6,30,339,1065,2223
4558609924,5/10/2016,6435,4.3,4.3,0,0.7,1.1,2.4,0,11,18,220,1191,1889
4558609924,5/11/2016,9108,6,6,0,0.3,1.8,3.9,0,4,31,324,1081,2131
4558609924,5/12/2016,6307,4.2,4.2,0,0,0,4.2,0,0,0,247,736,1452
4702921684,4/12/2016,7213,5.9,5.9,0,0,0,5.8,0,0,0,263,718,2947
4702921684,4/13/2016,6877,5.6,5.6,0,0,0,5.6,0,0,0,258,777,2898
4702921684,4/14/2016,7860,6.4,6.4,0,0,0,6.4,0,0,0,271,772,2984
4702921684,4/15/2016,6506,5.3,5.3,0,0.1,0.4,4.8,0,1,8,256,944,2896
4702921684,4/16/2016,11140,9,9,0,0.2,1.3,7.5,0,3,24,335,556,3328
4702921684,4/17/2016,12692,10.3,10.3,0,1,3.5,5.9,0,12,66,302,437,3394
4702921684,4/18/2016,9105,7.4,7.4,0,1.8,1.5,4.1,0,22,30,191,890,3013
4702921684,4/19/2016,6708,5.4,5.4,0,0.9,0.4,4.2,0,10,8,179,757,2812
4702921684,4/20/2016,8793,7.1,7.1,0,0.2,1.2,5.7,0,2,29,260,717,3061
4702921684,4/21/2016,6530,5.3,5.3,0,0.3,2,2.9,0,4,41,144,901,2729
4702921684,4/22/2016,1664,1.4,1.4,0,0,0,1.4,0,0,0,72,1341,2241
4702921684,4/23/2016,15126,12.3,12.3,0,0.8,3.2,8.3,0,9,66,408,469,3691
4702921684,4/24/2016,15050,12.2,12.2,0,1.2,5.1,5.9,0,15,95,281,542,3538
4702921684,4/25/2016,9167,7.4,7.4,0,0.5,0.8,6.1,0,6,15,270,730,3064
4702921684,4/26/2016,6108,4.9,4.9,0,0.1,0.3,4.5,0,1,8,216,765,2784
4702921684,4/27/2016,7047,5.7,5.7,0,0.1,0.8,4.8,0,1,16,238,733,2908
4702921684,4/28/2016,9023,7.3,7.3,0,1.1,0.4,5.8,0,14,9,232,738,3033
4702921684,4/29/2016,9930,8.1,8.1,0,1.1,0.9,6.1,0,12,19,267,692,3165
4702921684,4/30/2016,10144,8.2,8.2,0,0.3,2,5.9,0,4,36,263,728,3115
4702921684,5/1/2016,0,0,0,0,0,0,0,0,0,0,0,1440,2017
4702921684,5/2/2016,7245,5.9,5.9,0,0.4,1.7,3.8,0,5,40,195,1131,2859
4702921684,5/3/2016,9454,7.7,7.7,0,0,0,7.7,0,0,0,313,729,3145
4702921684,5/4/2016,8161,6.6,6.6,0,0.3,0.7,5.5,0,4,15,251,757,3004
4702921684,5/5/2016,8614,7,7,0,0.7,0.2,6.1,0,8,5,241,745,3006
4702921684,5/6/2016,6943,5.6,5.6,0,0.1,0.7,4.9,0,1,16,207,682,2859
4702921684,5/7/2016,14370,11.6,11.6,0,0.4,2.3,9,0,5,46,439,577,3683
4702921684,5/8/2016,12857,10.4,10.4,0,0.7,6.2,3.5,0,9,125,192,1019,3287
4702921684,5/9/2016,8232,6.7,6.7,0,0,0.6,6.1,0,0,12,253,746,2990
4702921684,5/10/2016,10613,8.6,8.6,0,0.1,1.9,6.7,0,1,37,262,701,3172
4702921684,5/11/2016,9810,8,8,0,0.8,2.2,5,0,10,41,235,784,3069
4702921684,5/12/2016,2752,2.2,2.2,0,0,0,2.2,0,0,0,68,241,1240
5553957443,4/12/2016,11596,7.6,7.6,0,1.4,0.8,5.4,0,19,13,277,767,2026
5553957443,4/13/2016,4832,3.2,3.2,0,0,0,3.2,0,0,0,226,647,1718
5553957443,4/14/2016,17022,11.1,11.1,0,4,2.5,4.7,0,61,41,256,693,2324
5553957443,4/15/2016,16556,10.9,10.9,0,4.2,2,4.7,0,58,38,239,689,2254
5553957443,4/16/2016,5771,3.8,3.8,0,0,0,3.8,0,0,0,288,521,1831
5553957443,4/17/2016,655,0.4,0.4,0,0,0,0.4,0,0,0,46,943,1397
5553957443,4/18/2016,3727,2.4,2.4,0,0,0,2.4,0,0,0,206,622,1683
5553957443,4/19/2016,15482,10.1,10.1,0,4.3,1.7,4.2,0,69,28,249,756,2284
5553957443,4/20/2016,2713,1.8,1.8,0,0,0,1.8,0,0,0,148,598,1570
5553957443,4/21/2016,12346,8.1,8.1,0,3,2.2,3,0,47,42,177,801,2066
5553957443,4/22/2016,11682,7.6,7.6,0,1.4,0.6,5.6,0,25,16,270,781,2105
5553957443,4/23/2016,4112,2.7,2.7,0,0,0,2.7,0,0,0,272,443,1776
5553957443,4/24/2016,1807,1.2,1.2,0,0,0,1.2,0,0,0,104,582,1507
5553957443,4/25/2016,10946,7.2,7.2,0,2.9,0.6,3.7,0,51,11,201,732,2033
5553957443,4/26/2016,11886,7.8,7.8,0,2.4,0.9,4.5,0,40,18,238,750,2093
5553957443,4/27/2016,10538,6.9,6.9,0,1.1,1,4.7,0,16,16,206,745,1922
5553957443,4/28/2016,11393,7.6,7.6,0,3.7,0.8,3.2,0,49,13,165,727,1999
5553957443,4/29/2016,12764,8.3,8.3,0,2.8,0.6,4.9,0,46,15,270,709,2169
5553957443,4/30/2016,1202,0.8,0.8,0,0,0,0.8,0,0,0,84,506,1463
5553957443,5/1/2016,5164,3.4,3.4,0,0,0,3.4,0,0,0,237,436,1747
5553957443,5/2/2016,9769,6.4,6.4,0,1.1,0.4,4.9,0,23,9,227,724,1996
5553957443,5/3/2016,12848,8.4,8.4,0,1.5,1.2,5.7,0,26,29,247,812,2116
5553957443,5/4/2016,4249,2.8,2.8,0,0,0,2.8,0,0,0,224,651,1698
5553957443,5/5/2016,14331,9.5,9.5,0,3.4,1.7,4.4,0,44,29,241,692,2156
5553957443,5/6/2016,9632,6.3,6.3,0,1.5,0.5,4.2,0,21,9,229,761,1916
5553957443,5/7/2016,1868,1.2,1.2,0,0,0,1.2,0,0,0,96,902,1494
5553957443,5/8/2016,6083,4,4,0,0.2,0.5,3.3,0,3,8,210,505,1762
5553957443,5/9/2016,11611,7.6,7.6,0,2.1,0.9,4.6,0,59,22,251,667,2272
5553957443,5/10/2016,16358,10.7,10.7,0,3.9,1.6,5.2,0,61,40,265,707,2335
5553957443,5/11/2016,4926,3.2,3.2,0,0,0,3.2,0,0,0,195,628,1693
5553957443,5/12/2016,3121,2,2,0,0.6,0.4,1.1,0,8,6,48,222,741
5577150313,4/12/2016,8135,6.1,6.1,0,3.6,0.4,2.1,0,86,16,140,728,3405
5577150313,4/13/2016,5077,3.8,3.8,0,0.3,0.2,3.3,0,15,11,144,776,2551
5577150313,4/14/2016,8596,6.4,6.4,0,3.3,0.3,2.8,0,118,30,176,662,4022
5577150313,4/15/2016,12087,9.1,9.1,0,3.9,1.6,3.6,0,115,54,199,695,4005
5577150313,4/16/2016,14269,10.7,10.7,0,6.6,1.3,2.7,0,184,56,158,472,4274
5577150313,4/17/2016,12231,9.1,9.1,0,6,0.8,2.3,0,200,37,159,525,4552
5577150313,4/18/2016,9893,7.4,7.4,0,4.9,0.7,1.8,0,114,32,130,623,3625
5577150313,4/19/2016,12574,9.4,9.4,0,7,0.6,1.8,0,108,23,111,733,3501
5577150313,4/20/2016,8330,6.2,6.2,0,4.1,0.3,1.8,0,87,16,113,773,3192
5577150313,4/21/2016,10830,8.1,8.1,0,3.7,1.7,2.8,0,110,74,175,670,4018
5577150313,4/22/2016,9172,6.8,6.8,0,2.4,0.8,3.3,0,62,30,200,823,3329
5577150313,4/23/2016,7638,5.7,5.7,0,1.2,0.4,4.1,0,24,24,223,627,3152
5577150313,4/24/2016,15764,11.8,11.8,0,7.7,2.2,2,0,210,65,141,425,4392
5577150313,4/25/2016,6393,4.8,4.8,0,1.4,0.7,2.8,0,61,38,214,743,3374
5577150313,4/26/2016,5325,4,4,0,0.9,0.6,2.5,0,38,32,181,759,3088
5577150313,4/27/2016,6805,5.1,5.1,0,1.8,0.4,2.9,0,63,16,190,773,3294
5577150313,4/28/2016,9841,7.4,7.4,0,3.3,1.2,3,0,99,51,141,692,3580
5577150313,4/29/2016,7924,5.9,5.9,0,2.8,0.6,2.5,0,97,36,165,739,3544
5577150313,4/30/2016,12363,9.2,9.2,0,5.8,0.8,2.6,0,207,45,163,621,4501
5577150313,5/1/2016,13368,10,10,0,5.3,1.4,3.2,0,194,72,178,499,4546
5577150313,5/2/2016,7439,5.6,5.6,0,1.1,0.3,4.1,0,37,20,235,732,3014
5577150313,5/3/2016,11045,8.3,8.3,0,4.5,0.2,3.6,0,97,8,212,580,3795
5577150313,5/4/2016,5206,3.9,3.9,0,1.6,0.3,2.1,0,25,9,141,631,2755
5577150313,5/5/2016,7550,5.6,5.6,0,2.5,0.5,2.7,0,45,21,143,1153,3004
5577150313,5/6/2016,4950,3.7,3.7,0,1.9,0.3,1.5,0,41,16,79,1304,2643
5577150313,5/7/2016,0,0,0,0,0,0,0,0,0,0,0,1440,1819
5577150313,5/8/2016,0,0,0,0,0,0,0,0,0,0,0,1440,1819
5577150313,5/9/2016,3421,2.6,2.6,0,1.4,0.1,1,0,34,11,70,1099,2489
5577150313,5/10/2016,8869,6.7,6.7,0,2.6,0.8,3.3,0,104,37,194,639,3841
5577150313,5/11/2016,4038,3,3,0,1.8,0.3,0.9,0,45,15,63,257,1665
6117666160,4/12/2016,0,0,0,0,0,0,0,0,0,0,0,1440,1496
6117666160,4/13/2016,0,0,0,0,0,0,0,0,0,0,0,1440,1496
6117666160,4/14/2016,0,0,0,0,0,0,0,0,0,0,0,1440,1496
6117666160,4/15/2016,14019,10.6,10.6,0,0,0.3,10.3,0,0,6,513,921,2865
6117666160,4/16/2016,14450,10.9,10.9,0,0.6,0.9,9.5,0,7,15,518,502,2828
6117666160,4/17/2016,7150,5.4,5.4,0,0,0,5.4,0,0,0,312,702,2225
6117666160,4/18/2016,5153,3.9,3.9,0,0,0,3.9,0,0,0,241,759,2018
6117666160,4/19/2016,11135,8.4,8.4,0,0,0,8.4,0,0,0,480,425,2606
6117666160,4/20/2016,10449,8,8,0,2,0.5,5.5,0,26,10,349,587,2536
6117666160,4/21/2016,19542,15,15,0,1,0.4,5.6,0,11,19,294,579,4900
6117666160,4/22/2016,8206,6.2,6.2,0,0,0,6.2,0,0,0,402,413,2409
6117666160,4/23/2016,11495,8.7,8.7,0,0,0,8.7,0,0,0,512,468,2651
6117666160,4/24/2016,7623,5.8,5.8,0,0,0,5.8,0,0,0,362,711,2305
6117666160,4/25/2016,0,0,0,0,0,0,0,0,0,0,0,1440,1497
6117666160,4/26/2016,9543,7.2,7.2,0,0,0.3,6.9,0,0,7,352,1077,2450
6117666160,4/27/2016,9411,7.1,7.1,0,0,0,7.1,0,0,0,458,417,2576
6117666160,4/28/2016,3403,2.6,2.6,0,0,0,2.6,0,0,0,141,758,1879
6117666160,4/29/2016,9592,7.2,7.2,0,0,0,7.2,0,0,0,461,479,2560
6117666160,4/30/2016,6987,5.3,5.3,0,0,0,5.3,0,0,0,343,1040,2275
6117666160,5/1/2016,8915,6.7,6.7,0,0,0,6.7,0,0,0,397,525,2361
6117666160,5/2/2016,4933,3.7,3.7,0,0,0,3.7,0,0,0,236,1204,2044
6117666160,5/3/2016,0,0,0,0,0,0,0,0,0,0,0,1440,1496
6117666160,5/4/2016,2997,2.3,2.3,0,0,0,2.3,0,0,0,156,1279,1902
6117666160,5/5/2016,9799,7.4,7.4,0,0,0,7.4,0,0,0,487,479,2636
6117666160,5/6/2016,3365,2.7,2.7,0,0,0,2.7,0,0,0,133,673,1838
6117666160,5/7/2016,7336,5.5,5.5,0,0,0,5.5,0,0,0,412,456,2469
6117666160,5/8/2016,7328,5.5,5.5,0,0,0,5.5,0,0,0,318,517,2250
6117666160,5/9/2016,4477,3.4,3.4,0,0,0,3.4,0,0,0,197,125,1248
6290855005,4/12/2016,4562,3.5,3.5,0,0,0,3.5,0,0,0,199,1241,2560
6290855005,4/13/2016,7142,5.4,5.4,0,0,0,5.4,0.009999999776,0,0,350,1090,2905
6290855005,4/14/2016,7671,5.8,5.8,0,0,0,5.8,0.02999999933,0,0,363,1077,2952
6290855005,4/15/2016,9501,7.2,7.2,0,0,0,7.2,0.009999999776,0,0,328,1112,2896
6290855005,4/16/2016,8301,6.3,6.3,0,0,0,6.3,0.009999999776,0,0,258,1182,2783
6290855005,4/17/2016,7851,5.9,5.9,0,1.1,0.8,4,0,31,12,225,1172,3171
6290855005,4/18/2016,6885,5.2,5.2,0,0,0,5.2,0.01999999955,0,0,271,1169,2766
6290855005,4/19/2016,7142,5.4,5.4,0,0,0,5.4,0.009999999776,0,0,321,1119,2839
6290855005,4/20/2016,6361,4.8,4.8,0,0,0,4.8,0.009999999776,0,0,258,1182,2701
6290855005,4/21/2016,0,0,0,0,0,0,0,0,0,0,0,1440,2060
6290855005,4/22/2016,6238,4.7,4.7,0,0,0,4.7,0,0,0,302,1138,2796
6290855005,4/23/2016,0,0,0,0,0,0,0,0,33,0,0,1407,2664
6290855005,4/24/2016,5896,4.5,4.5,0,0,0,4.5,0,0,0,258,1182,2703
6290855005,4/25/2016,7802,5.9,5.9,0,0.7,0.2,5,0.009999999776,8,3,249,1180,2771
6290855005,4/26/2016,0,0,0,0,0,0,0,0,0,0,0,1440,2060
6290855005,4/27/2016,5565,4.2,4.2,0,0,0,4.2,0.02999999933,0,0,287,1153,2743
6290855005,4/28/2016,5731,4.3,4.3,0,0,0,4.3,0,0,0,255,1185,2687
6290855005,4/29/2016,0,0,0,0,0,0,0,0,0,0,0,1440,2060
6290855005,4/30/2016,6744,5.1,5.1,0,0,0,5.1,0.009999999776,0,0,324,1116,2843
6290855005,5/1/2016,9837,7.4,7.4,0,0.7,2.8,4,0.01999999955,8,95,282,1055,3327
6290855005,5/2/2016,6781,5.1,5.1,0,0,0,5.1,0.01999999955,0,0,268,1172,2725
6290855005,5/3/2016,6047,4.6,4.6,0,0,0,4.6,0,0,0,240,1200,2671
6290855005,5/4/2016,5832,4.4,4.4,0,0,0,4.4,0.009999999776,0,0,272,1168,2718
6290855005,5/5/2016,6339,4.8,4.8,0,0,0,4.8,0,0,0,239,1201,2682
6290855005,5/6/2016,6116,4.6,4.6,0,0,0,4.6,0.02999999933,0,0,305,1135,2806
6290855005,5/7/2016,5510,4.2,4.2,0,0,0,4.2,0,0,0,227,1213,2613
6290855005,5/8/2016,7706,5.8,5.8,0,0,0,5.8,0,0,0,251,1189,2712
6290855005,5/9/2016,6277,4.8,4.8,0,0,0,4.7,0.01999999955,0,0,264,800,2175
6290855005,5/10/2016,0,0,0,0,0,0,0,0,0,0,0,1440,0
6775888955,4/12/2016,0,0,0,0,0,0,0,0,0,0,0,1440,1841
6775888955,4/13/2016,4053,2.9,2.9,0,1.1,0.6,1.2,0,17,18,85,1053,2400
6775888955,4/14/2016,5162,3.7,3.7,0,0.9,0.9,2,0,14,24,105,863,2507
6775888955,4/15/2016,1282,0.9,0.9,0,0,0,0.9,0,0,0,58,976,2127
6775888955,4/16/2016,4732,3.4,3.4,0,2.5,0.8,0.1,0,36,18,9,1377,2225
6775888955,4/17/2016,2497,1.8,1.8,0,0.3,1.1,0.3,0,5,24,19,1392,2067
6775888955,4/18/2016,8294,5.9,5.9,0,2,0.8,3.2,0,30,31,146,1233,2798
6775888955,4/19/2016,0,0,0,0,0,0,0,0,0,0,0,1440,1841
6775888955,4/20/2016,10771,7.7,7.7,0,3.8,1.7,2.2,0,70,113,178,1079,3727
6775888955,4/21/2016,0,0,0,0,0,0,0,0,0,0,0,1440,1841
6775888955,4/22/2016,637,0.5,0.5,0,0,0,0.5,0,0,0,20,1420,1922
6775888955,4/23/2016,0,0,0,0,0,0,0,0,0,0,0,1440,1841
6775888955,4/24/2016,2153,1.5,1.5,0,0.8,0.6,0.2,0,11,18,11,1400,2053
6775888955,4/25/2016,6474,4.6,4.6,0,2.3,0.5,1.9,0,33,13,92,1302,2484
6775888955,4/26/2016,7091,5.3,5.3,1.959596038,3.5,0.9,0.7,0,42,30,47,1321,2584
6775888955,4/27/2016,0,0,0,0,0,0,0,0,0,0,0,1440,1841
6775888955,4/28/2016,703,0.5,0.5,0,0.1,0.2,0.2,0,2,13,15,1410,1993
6775888955,4/29/2016,0,0,0,0,0,0,0,0,0,0,0,1440,1841
6775888955,4/30/2016,2503,1.8,1.8,0,0.2,0.2,1.5,0,3,9,84,1344,2280
6775888955,5/1/2016,2487,1.8,1.8,0,0.5,0.6,0.7,0,9,34,50,1347,2319
6775888955,5/2/2016,0,0,0,0,0,0,0,0,0,0,0,1440,1841
6775888955,5/3/2016,9,0,0,0,0,0,0,0,0,0,1,1439,1843
6775888955,5/4/2016,0,0,0,0,0,0,0,0,0,0,0,1440,1841
6775888955,5/5/2016,0,0,0,0,0,0,0,0,0,0,0,1440,1841
6775888955,5/6/2016,4697,3.4,3.4,0,0.5,0.9,1.9,0,12,35,75,1318,2496
6775888955,5/7/2016,1967,1.4,1.4,0,0.1,0.2,1,0,2,5,49,551,1032
6962181067,4/12/2016,10199,6.7,6.7,0,3.4,0.8,2.5,0,50,14,189,796,1994
6962181067,4/13/2016,5652,3.7,3.7,0,0.6,1.2,2,0,8,24,142,548,1718
6962181067,4/14/2016,1551,1,1,0,0,0,1,0,0,0,86,862,1466
6962181067,4/15/2016,5563,3.7,3.7,0,0,0,3.7,0,0,0,217,837,1756
6962181067,4/16/2016,13217,8.7,8.7,0,3.7,0.2,4.9,0,50,3,280,741,2173
6962181067,4/17/2016,10145,6.7,6.7,0,0.3,0.7,5.7,0,5,13,295,634,2027
6962181067,4/18/2016,11404,7.5,7.5,0,0.8,2.4,4.3,0,13,42,238,689,2039
6962181067,4/19/2016,10742,7.1,7.1,0,2.1,2.1,2.9,0,35,41,195,659,2046
6962181067,4/20/2016,13928,9.6,9.6,0,4.3,0.2,5.1,0,48,4,297,639,2174
6962181067,4/21/2016,11835,9.7,7.9,4.081692219,4,2.1,3.5,0.1099999994,53,27,214,708,2179
6962181067,4/22/2016,10725,7.1,7.1,0,1.8,1.5,3.8,0,30,33,240,659,2086
6962181067,4/23/2016,20031,13.2,13.2,0,4.2,2,7,0,58,41,347,484,2571
6962181067,4/24/2016,5029,3.3,3.3,0,0,0,3.3,0,0,0,199,720,1705
6962181067,4/25/2016,13239,9.3,9.1,2.785175085,3,1.7,4.5,0.1000000015,35,31,282,637,2194
6962181067,4/26/2016,10433,6.9,6.9,0,2.6,0.4,3.9,0,36,7,254,680,2012
6962181067,4/27/2016,10320,6.8,6.8,0,0.6,2,4.3,0,7,38,279,697,2034
6962181067,4/28/2016,12627,8.4,8.4,0,2.5,0.2,5.6,0,38,8,288,621,2182
6962181067,4/29/2016,10762,7.1,7.1,0,0.8,0.5,5.8,0,12,15,369,645,2254
6962181067,4/30/2016,10081,6.7,6.7,0,2.2,0.8,3.7,0,32,16,237,731,2002
6962181067,5/1/2016,5454,3.6,3.6,0,0,0,3.6,0,0,0,215,722,1740
6962181067,5/2/2016,12912,8.5,8.5,0,1.2,2,5.3,0,18,39,313,655,2162
6962181067,5/3/2016,12109,8.1,8.1,0,1.7,2,4.3,0,21,36,267,654,2072
6962181067,5/4/2016,10147,6.7,6.7,0,0.5,1.7,4.6,0,15,36,284,683,2086
6962181067,5/5/2016,10524,7,7,0,1,1.2,4.8,0,14,22,305,591,2066
6962181067,5/6/2016,5908,3.9,3.9,0,0,0,3.9,0,0,0,299,717,1850
6962181067,5/7/2016,6815,4.5,4.5,0,0,0,4.5,0,0,0,328,745,1947
6962181067,5/8/2016,4188,2.8,2.8,0,0,0.5,2.3,0,0,14,151,709,1659
6962181067,5/9/2016,12342,8.7,8.7,3.167821884,3.9,1.2,3.7,0,43,21,231,607,2105
6962181067,5/10/2016,15448,10.2,10.2,0,3.5,1.8,5,0,62,34,275,626,2361
6962181067,5/11/2016,6722,4.4,4.4,0,1.5,0.3,2.7,0,24,7,199,709,1855
6962181067,5/12/2016,3587,2.4,2.4,0,0,0.3,2.1,0,0,8,105,127,928
7007744171,4/12/2016,14172,10.3,9.5,4.869782925,4.5,0.4,5.4,0,53,8,355,1024,2937
7007744171,4/13/2016,12862,9.6,8.6,4.851306915,4.6,0.6,4.5,0,56,22,261,1101,2742
7007744171,4/14/2016,11179,8.2,7.5,3.285414934,3,0.3,5,0,34,6,304,1096,2668
7007744171,4/15/2016,5273,3.5,3.5,0,0,0,3.5,0,0,0,202,1238,2098
7007744171,4/16/2016,4631,3.1,3.1,0,0,0,3.1,0,0,0,203,1155,2076
7007744171,4/17/2016,8059,5.4,5.4,0,0,0,5.4,0,0,0,305,1135,2383
7007744171,4/18/2016,14816,11,9.9,4.930550098,3.8,2.1,5.1,0.01999999955,48,31,284,1077,2832
7007744171,4/19/2016,14194,10.5,9.5,4.94214201,4.4,0.8,5.3,0,53,17,304,1066,2812
7007744171,4/20/2016,15566,11.3,10.4,4.924840927,4.8,0.7,5.9,0,60,33,347,1000,3096
7007744171,4/21/2016,13744,9.2,9.2,0,2.2,1.9,5.2,0,30,34,327,1049,2763
7007744171,4/22/2016,15299,10.2,10.2,0,4.1,1.8,4.4,0,64,50,261,1065,2889
7007744171,4/23/2016,8093,5.4,5.4,0,0.1,1.1,4.2,0,2,25,223,1190,2284
7007744171,4/24/2016,11085,7.4,7.4,0,0,0,7.4,0,0,0,419,1021,2667
7007744171,4/25/2016,18229,13.3,12.2,4.861792088,4.3,1.4,7.7,0,51,24,379,986,3055
7007744171,4/26/2016,15090,10.1,10.1,0,0.9,0.9,8.2,0,16,22,424,978,2939
7007744171,4/27/2016,13541,10.2,9.1,4.885604858,4.3,0.7,5.3,0,50,12,337,1041,2830
7007744171,4/28/2016,15128,10.1,10.1,0,1.1,0.8,8.3,0,16,16,401,1007,2836
7007744171,4/29/2016,20067,14.3,13.4,4.911146164,4.3,2,7.9,0,55,42,382,961,3180
7007744171,4/30/2016,3761,2.5,2.5,0,0,0,2.5,0,0,0,200,1240,2051
7007744171,5/1/2016,5600,3.8,3.8,0,0,0,3.8,0,0,0,237,1142,2225
7007744171,5/2/2016,13041,9.2,8.7,2.832325935,4.6,0.7,3.8,0,64,14,250,1112,2642
7007744171,5/3/2016,14510,10.9,9.7,4.912367821,4.5,1,5.4,0,58,31,330,1021,2976
7007744171,5/4/2016,0,0,0,0,0,0,0,0,0,0,0,1440,1557
7007744171,5/5/2016,15010,11.1,10,4.878232002,4.3,1.3,5.5,0,53,23,317,1047,2933
7007744171,5/6/2016,11459,7.7,7.7,0,3,0.8,3.9,0,44,13,247,1136,2553
7007744171,5/7/2016,0,0,0,0,0,0,0,0,0,0,0,111,120
7086361926,4/12/2016,11317,8.4,8.4,0,5.3,0.2,3,0,59,6,153,745,2772
7086361926,4/13/2016,5813,3.6,3.6,0,0.6,0.2,2.8,0,31,26,155,744,2516
7086361926,4/14/2016,9123,6.1,6.1,0,2,0.3,3.7,0,35,32,189,787,2734
7086361926,4/15/2016,8585,5.7,5.7,0,2,1.1,2.5,0,30,21,139,864,2395
7086361926,4/16/2016,31,0,0,0,0,0,0,0,0,0,3,1437,1635
7086361926,4/17/2016,0,0,0,0,0,0,0,0,0,0,0,1440,1629
7086361926,4/18/2016,9827,6.7,6.7,0,3.2,1.2,2.3,0,61,51,114,1136,2743
7086361926,4/19/2016,10688,7.3,7.3,0,3.5,1.2,2.5,0,67,69,124,671,2944
7086361926,4/20/2016,14365,10.6,10.6,0,7.6,0.4,2.5,0,87,13,145,797,2997
7086361926,4/21/2016,9469,6.2,6.2,0,1.4,0.3,4.5,0,19,6,206,758,2463
7086361926,4/22/2016,9753,6.5,6.5,0,2.9,1,2.7,0,58,59,153,762,2846
7086361926,4/23/2016,2817,1.8,1.8,0,0,0,1.8,0,0,0,90,1350,1965
7086361926,4/24/2016,3520,2.2,2.2,0,0,0,2.2,0,0,0,125,566,2049
7086361926,4/25/2016,10091,6.8,6.8,0,3.8,0.7,2.4,0,69,39,129,706,2752
7086361926,4/26/2016,10387,7.1,7.1,0,4.2,0.8,2.1,0,70,33,132,726,2781
7086361926,4/27/2016,11107,8.3,8.3,0,5.6,0.2,2.5,0,55,6,145,829,2693
7086361926,4/28/2016,11584,7.8,7.8,0,2.8,1.6,3.4,0,54,48,161,810,2862
7086361926,4/29/2016,7881,4.9,4.9,0,0.5,0.4,4,0,24,36,182,1198,2616
7086361926,4/30/2016,14560,9.4,9.4,0,3.1,1,5.2,0,42,17,308,584,2995
7086361926,5/1/2016,12390,8.1,8.1,0,2.3,0.9,4.8,0,30,15,258,685,2730
7086361926,5/2/2016,10052,6.8,6.8,0,3.5,0.7,2.7,0,66,26,139,737,2754
7086361926,5/3/2016,10288,6.8,6.8,0,2.7,0.9,3.2,0,57,36,152,761,2754
7086361926,5/4/2016,10988,8.3,8.3,0,5.3,0.1,2.9,0,45,12,135,843,2655
7086361926,5/5/2016,8564,5.6,5.6,0,1.8,0.8,3,0,24,14,149,1253,2386
7086361926,5/6/2016,12461,8.4,8.4,0,3.8,1.4,3.1,0,84,35,154,834,2924
7086361926,5/7/2016,12827,8.5,8.5,0,1.5,2.3,4.7,0,20,42,209,621,2739
7086361926,5/8/2016,10677,7.1,7.1,0,2.3,1.5,3.3,0,32,27,147,695,2534
7086361926,5/9/2016,13566,9.1,9.1,0,4.3,1.7,3.1,0,67,50,171,743,2960
7086361926,5/10/2016,14433,10.8,10.8,0,7.1,1.2,2.5,0,72,23,106,1182,2800
7086361926,5/11/2016,9572,6.5,6.5,0,2.9,1.4,2.2,0,57,40,128,757,2735
7086361926,5/12/2016,3789,2.6,2.6,0,0.4,0.3,1.9,0,5,4,58,343,1199
8053475328,4/12/2016,18060,14.1,14.1,0,11.6,0.4,2.1,0,116,8,123,1193,3186
8053475328,4/13/2016,16433,13.4,13.4,0,10.4,0.5,2.5,0,95,12,156,1177,3140
8053475328,4/14/2016,20159,16,16,0,12.3,0.2,3.4,0,119,5,193,1123,3411
8053475328,4/15/2016,20669,16.2,16.2,0,13.3,0.4,2.6,0,132,8,158,1142,3410
8053475328,4/16/2016,14549,11.1,11.1,0,9.4,0.3,1.5,0,96,6,83,1255,2867
8053475328,4/17/2016,18827,13.7,13.7,0,9.2,0.8,3.6,0,111,21,195,1113,3213
8053475328,4/18/2016,17076,12.7,12.7,0,9.1,0.2,3.3,0,102,6,195,1137,3133
8053475328,4/19/2016,15929,12.5,12.5,0,9.2,0.3,3,0,90,7,191,1152,3114
8053475328,4/20/2016,15108,12.2,12.2,0,9.6,0.2,2.4,0,89,5,158,695,3043
8053475328,4/21/2016,16057,12.5,12.5,0,9.7,0.3,2.6,0,100,6,170,1164,3103
8053475328,4/22/2016,10520,8.3,8.3,0,6.3,0.2,1.9,0,60,3,117,1260,2655
8053475328,4/23/2016,22359,17.2,17.2,0,12.5,0.6,4,0,125,14,223,741,3554
8053475328,4/24/2016,22988,18,18,0,13.1,1.5,3.3,0,129,33,182,1096,3577
8053475328,4/25/2016,20500,15.7,15.7,0,11.4,0.5,3.9,0,118,9,209,1104,3403
8053475328,4/26/2016,12685,9.6,9.6,0,6.3,0.2,3.1,0,68,5,185,1182,2846
8053475328,4/27/2016,12422,9.8,9.8,0,6.5,0.4,2.9,0,60,10,183,1187,2852
8053475328,4/28/2016,15447,12.4,12.4,0,9.7,0.4,2.3,0,90,9,153,1188,3062
8053475328,4/29/2016,12315,9.6,9.6,0,6.2,0.3,3.2,0,58,8,159,1215,2794
8053475328,4/30/2016,7135,5.6,5.6,0,3,0.1,2.5,0,27,1,131,1281,2408
8053475328,5/1/2016,1170,0.9,0.9,0,0,0,0.9,0,0,0,51,1389,1886
8053475328,5/2/2016,1969,1.4,1.4,0,0,0,1.4,0,0,0,95,1345,1988
8053475328,5/3/2016,15484,11.9,11.9,0,8.4,0.9,2.6,0,87,22,165,1166,3023
8053475328,5/4/2016,14581,11.1,11.1,0,8.8,0.4,1.9,0,89,8,123,1220,2918
8053475328,5/5/2016,14990,11.5,11.5,0,8.9,0.4,2.2,0,93,9,130,1208,2950
8053475328,5/6/2016,13953,11,11,0,9.1,0.7,1.2,0,90,15,90,1245,2859
8053475328,5/7/2016,19769,15.7,15.7,0,12.4,0.9,2.3,0,121,20,148,1076,3331
8053475328,5/8/2016,22026,17.6,17.6,0,13.4,0.6,3.7,0,125,14,228,1073,3589
8053475328,5/9/2016,12465,9.4,9.4,0,6.1,0.6,2.7,0,66,12,148,1214,2765
8053475328,5/10/2016,14810,11.4,11.4,0,9.1,0.4,1.9,0,96,10,115,1219,2926
8053475328,5/11/2016,12209,9.4,9.4,0,6.1,0.3,3,0,60,7,184,1189,2809
8053475328,5/12/2016,4998,3.9,3.9,0,3,0.2,0.8,0,28,4,39,839,1505
8253242879,4/12/2016,9033,7.2,7.2,0,5.4,0.1,1.6,0,40,2,154,1244,2044
8253242879,4/13/2016,8053,6.1,6.1,0,4.2,0.6,1.3,0,35,11,96,1298,1935
8253242879,4/14/2016,5234,3.5,3.5,0,1.9,1,0.5,0,29,16,33,1362,1705
8253242879,4/15/2016,2672,1.8,1.8,0,0,0,1.8,0,0,0,105,1335,1632
8253242879,4/16/2016,9256,6.1,6.1,0,0.4,3.3,2.5,0,6,51,115,1268,1880
8253242879,4/17/2016,10204,7.9,7.9,0,5.4,0.2,2.3,0,41,5,157,1237,2112
8253242879,4/18/2016,5151,3.5,3.5,0,1,0.6,1.8,0,16,16,130,1278,1829
8253242879,4/19/2016,4212,2.8,2.8,0,0,0,2.8,0,0,0,164,1276,1763
8253242879,4/20/2016,6466,4.3,4.3,0,0.3,0.8,3.1,0.009999999776,5,18,216,1201,1931
8253242879,4/21/2016,11268,8.6,8.6,0,5.9,0.9,1.8,0,49,20,172,1199,2218
8253242879,4/22/2016,2824,1.9,1.9,0,0,0,1.9,0,0,0,120,1320,1651
8253242879,4/23/2016,9282,6.3,6.3,0,2.1,1,3.1,0,30,26,191,1193,2132
8253242879,4/24/2016,8905,7.1,7.1,0,5.6,0.2,1.3,0,41,4,82,1313,1976
8253242879,4/25/2016,6829,4.5,4.5,0,0.4,2.4,1.8,0,7,54,118,1261,1909
8253242879,4/26/2016,4562,3,3,0,1.2,0.5,1.4,0,19,14,108,1299,1813
8253242879,4/27/2016,10232,8.2,8.2,0,6.2,0.2,1.7,0,45,5,104,1286,2008
8253242879,4/28/2016,2718,1.8,1.8,0,0.7,0.8,0.3,0,11,16,20,1393,1580
8253242879,4/29/2016,6260,4.3,4.3,0,1.3,0.5,2.4,0,16,14,136,1257,1854
8253242879,4/30/2016,0,0,0,0,0,0,0,0,0,0,0,1440,0
8378563200,4/12/2016,7626,6.1,6.1,2.253081083,0.8,0.7,4.5,0,65,15,156,723,3635
8378563200,4/13/2016,12386,9.8,9.8,2.092147112,5,0.6,4.2,0,116,14,169,680,4079
8378563200,4/14/2016,13318,10.6,10.6,2.253081083,5.6,1,3.9,0,123,21,174,699,4163
8378563200,4/15/2016,14461,11.5,11.5,0,4.9,1.1,5.4,0,60,23,190,729,3666
8378563200,4/16/2016,11207,8.9,8.9,0,5.4,1.1,2.4,0,64,21,142,563,3363
8378563200,4/17/2016,2132,1.7,1.7,0,0,0,1.7,0,0,0,93,599,2572
8378563200,4/18/2016,13630,10.8,10.8,2.092147112,5.1,0.6,5.2,0,117,10,174,720,4157
8378563200,4/19/2016,13070,10.4,10.4,2.253081083,5.3,0.9,4.2,0,120,19,154,737,4092
8378563200,4/20/2016,9388,7.4,7.4,2.092147112,2.2,0.4,4.8,0,82,8,169,763,3787
8378563200,4/21/2016,15148,12,12,2.253081083,6.9,0.8,4.3,0,137,16,145,677,4236
8378563200,4/22/2016,12200,9.7,9.7,2.092147112,4.9,0.6,4.2,0,113,12,159,769,4044
8378563200,4/23/2016,5709,4.5,4.5,0,1.5,0.5,2.5,0,19,10,136,740,2908
8378563200,4/24/2016,3703,2.9,2.9,0,0,0,2.9,0,0,0,135,734,2741
8378563200,4/25/2016,12405,9.8,9.8,2.092147112,5.1,0.9,3.9,0,117,16,141,692,4005
8378563200,4/26/2016,16208,12.9,12.9,0,7.5,0.9,4.4,0,90,18,161,593,3763
8378563200,4/27/2016,7359,5.8,5.8,0,0.3,0.2,5.3,0,4,4,192,676,3061
8378563200,4/28/2016,5417,4.3,4.3,0,0.9,0.5,2.9,0,11,10,139,711,2884
8378563200,4/29/2016,6175,4.9,4.9,0,0.3,0.4,4.3,0,3,7,172,767,2982
8378563200,4/30/2016,2946,2.3,2.3,0,0,0,2.3,0,0,0,121,780,2660
8378563200,5/1/2016,11419,9.1,9.1,0,6,0.6,2.5,0,71,10,127,669,3369
8378563200,5/2/2016,6064,4.8,4.8,2.092147112,0.6,0.2,4,0,63,4,142,802,3491
8378563200,5/3/2016,8712,6.9,6.9,2.253081083,1.3,1.1,4.5,0,71,20,195,822,3784
8378563200,5/4/2016,7875,6.2,6.2,0,1.6,0.5,4.2,0,19,10,167,680,3110
8378563200,5/5/2016,8567,6.8,6.8,2.253081083,0.9,0.2,5.7,0,66,3,214,764,3783
8378563200,5/6/2016,7045,5.6,5.6,2.092147112,1.5,0.3,3.8,0,74,5,166,831,3644
8378563200,5/7/2016,4468,3.5,3.5,0,0,0,3.5,0,0,0,158,851,2799
8378563200,5/8/2016,2943,2.3,2.3,0,0,0,2.3,0,0,0,139,621,2685
8378563200,5/9/2016,8382,6.7,6.7,2.092147112,1.3,0.7,4.7,0,71,13,171,772,3721
8378563200,5/10/2016,6582,5.2,5.2,2.253081083,0.7,0.6,3.9,0,63,13,152,840,3586
8378563200,5/11/2016,9143,7.3,7.3,2.092147112,1.4,0.6,5.3,0,72,10,184,763,3788
8378563200,5/12/2016,4561,3.6,3.6,0,0.6,0.3,2.7,0,8,6,102,433,1976
8583815059,4/12/2016,5014,3.9,3.9,0,0,0.3,3.6,0,0,7,196,1237,2650
8583815059,4/13/2016,5571,4.3,4.3,0,0.2,1,3.2,0,2,23,163,1252,2654
8583815059,4/14/2016,3135,2.5,2.5,0,0,0,2.4,0,0,0,134,1306,2443
8583815059,4/15/2016,3430,2.7,2.7,0,0,0,0.9,0,0,0,65,1375,2505
8583815059,4/16/2016,5319,4.2,4.2,0,0,0,0,0,0,0,0,1440,2693
8583815059,4/17/2016,3008,2.3,2.3,0,0,0,0,0,0,0,0,1440,2439
8583815059,4/18/2016,3864,3,3,0,0.3,1.1,1.4,0,4,22,105,1309,2536
8583815059,4/19/2016,5697,4.4,4.4,0,0.5,0.5,3.4,0,7,10,166,1257,2668
8583815059,4/20/2016,5273,4.1,4.1,0,0,1,3.1,0,0,27,167,1246,2647
8583815059,4/21/2016,8538,6.7,6.7,0,2.6,1,3,0,35,18,158,1229,2883
8583815059,4/22/2016,8687,6.8,6.8,0,0.3,2.4,4.1,0,4,54,212,1170,2944
8583815059,4/23/2016,9423,7.3,7.3,0,0.5,2,4.8,0,7,44,238,1151,3012
8583815059,4/24/2016,8286,6.5,6.5,0,0.2,2,4.3,0,2,44,206,1188,2889
8583815059,4/25/2016,4503,3.5,3.5,0,1.5,0.2,1.8,0,18,6,122,1294,2547
8583815059,4/26/2016,10499,8.2,8.2,0,0.1,4.2,3.9,0,1,91,214,1134,3093
8583815059,4/27/2016,12474,9.7,9.7,0,6.6,0.3,2.9,0,77,5,129,1229,3142
8583815059,4/28/2016,6174,4.8,4.8,0,0,1.2,3.6,0,0,28,203,1209,2757
8583815059,4/29/2016,15168,11.8,11.8,0,3.9,3,4.9,0,46,67,258,1069,3513
8583815059,4/30/2016,10085,7.9,7.9,0,0.2,1.3,6.4,0,2,28,317,1093,3164
8583815059,5/1/2016,4512,3.5,3.5,0,0.8,0.1,2,0,10,2,117,1311,2596
8583815059,5/2/2016,8469,6.6,6.6,0,0,0,0,0,0,0,0,1440,2894
8583815059,5/3/2016,12015,9.4,9.4,0,0,0,0,0,0,0,0,1440,3212
8583815059,5/4/2016,3588,2.8,2.8,0,0,0,0,0,0,0,0,1440,2516
8583815059,5/5/2016,12427,9.7,9.7,0,0,0,1.2,0,0,0,70,1370,3266
8583815059,5/6/2016,5843,4.6,4.6,0,0.1,1.2,3.2,0,2,22,166,1250,2683
8583815059,5/7/2016,6117,4.8,4.8,0,0,0,4.8,0,0,0,250,1190,2810
8583815059,5/8/2016,9217,7.2,7.2,0,0.2,3.3,3.7,0,3,72,182,1183,2940
8583815059,5/9/2016,9877,7.7,7.7,0,5.8,0.2,1.7,0,66,4,110,1260,2947
8583815059,5/10/2016,8240,6.4,6.4,0,0.7,2,3.7,0,9,43,162,1226,2846
8583815059,5/11/2016,8701,6.8,6.8,0,0.4,3.2,3.2,0,5,71,177,1106,2804
8583815059,5/12/2016,0,0,0,0,0,0,0,0,0,0,0,1440,0
8792009665,4/12/2016,2564,1.6,1.6,0,0,0,1.6,0,0,0,116,831,2044
8792009665,4/13/2016,1320,0.8,0.8,0,0,0,0.8,0,0,0,82,806,1934
8792009665,4/14/2016,1219,0.8,0.8,0,0,0,0.8,0,0,0,84,853,1963
8792009665,4/15/2016,2483,1.6,1.6,0,0,0,1.6,0,0,0,126,937,2009
8792009665,4/16/2016,244,0.2,0.2,0,0,0,0.2,0,0,0,12,1428,1721
8792009665,4/17/2016,0,0,0,0,0,0,0,0,0,0,0,1440,1688
8792009665,4/18/2016,0,0,0,0,0,0,0,0,0,0,0,1440,1688
8792009665,4/19/2016,0,0,0,0,0,0,0,0,0,0,0,1440,1688
8792009665,4/20/2016,3147,2,2,0,0,0.3,1.7,0,0,10,139,744,2188
8792009665,4/21/2016,144,0.1,0.1,0,0,0,0.1,0,0,0,9,1431,1720
8792009665,4/22/2016,4068,2.6,2.6,0,0.1,0.3,2.3,0,1,20,195,817,2419
8792009665,4/23/2016,5245,3.4,3.4,0,0.2,0.4,2.8,0,8,45,232,795,2748
8792009665,4/24/2016,400,0.3,0.3,0,0,0.1,0.2,0,3,8,19,1410,1799
8792009665,4/25/2016,0,0,0,0,0,0,0,0,0,0,0,1440,1688
8792009665,4/26/2016,1321,0.9,0.9,0,0,0,0.9,0,0,0,80,1360,1928
8792009665,4/27/2016,1758,1.1,1.1,0,0,0,1.1,0,0,0,112,900,2067
8792009665,4/28/2016,6157,3.9,3.9,0,0,0,3.9,0,0,0,310,714,2780
8792009665,4/29/2016,8360,5.3,5.3,0,0.1,0.3,4.9,0,6,14,380,634,3101
8792009665,4/30/2016,7174,4.6,4.6,0,0.3,0.4,3.9,0,10,20,301,749,2896
8792009665,5/1/2016,1619,1,1,0,0,0,1,0,0,0,79,834,1962
8792009665,5/2/2016,1831,1.2,1.2,0,0,0,1.2,0,0,0,101,916,2015
8792009665,5/3/2016,2421,1.5,1.5,0,0,0,1.5,0,0,0,156,739,2297
8792009665,5/4/2016,2283,1.5,1.5,0,0,0,1.5,0,0,0,129,848,2067
8792009665,5/5/2016,0,0,0,0,0,0,0,0,0,0,0,1440,1688
8792009665,5/6/2016,0,0,0,0,0,0,0,0,0,0,0,1440,1688
8792009665,5/7/2016,0,0,0,0,0,0,0,0,0,0,0,1440,1688
8792009665,5/8/2016,0,0,0,0,0,0,0,0,0,0,0,1440,1688
8792009665,5/9/2016,0,0,0,0,0,0,0,0,0,0,0,1440,1688
8792009665,5/10/2016,0,0,0,0,0,0,0,0,0,0,0,48,57
8877689391,4/12/2016,23186,20.4,20.4,0,12.2,0.3,7.8,0,85,7,312,1036,3921
8877689391,4/13/2016,15337,9.6,9.6,0,3.5,0.4,5.6,0,108,18,216,1098,3566
8877689391,4/14/2016,21129,19,19,0,10.6,0.6,7.8,0.01999999955,68,13,298,1061,3793
8877689391,4/15/2016,13422,7.2,7.2,0,0.1,0.1,7,0.009999999776,106,1,281,1052,3934
8877689391,4/16/2016,29326,25.3,25.3,0,13.2,1.2,10.7,0,94,29,429,888,4547
8877689391,4/17/2016,15118,8.9,8.9,0,0,0.1,8.8,0,58,15,307,1060,3545
8877689391,4/18/2016,11423,8.7,8.7,0,2.4,0.3,5.9,0,29,5,191,1215,2761
8877689391,4/19/2016,18785,17.4,17.4,0,12.1,0.2,5,0,82,13,214,1131,3676
8877689391,4/20/2016,19948,18.1,18.1,0,11,0.7,6.3,0,73,19,225,1123,3679
8877689391,4/21/2016,19377,17.6,17.6,0,12.3,0.4,4.9,0,82,13,226,1119,3659
8877689391,4/22/2016,18258,16.3,16.3,0,10.2,0,6,0.05000000075,61,2,236,1141,3427
8877689391,4/23/2016,11200,7.4,7.4,0,0,0,7.4,0.009999999776,102,6,300,1032,3891
8877689391,4/24/2016,16674,15.7,15.7,0,11,0,4.7,0,64,1,227,1148,3455
8877689391,4/25/2016,12986,8.7,8.7,0,2.4,0.1,6.3,0.009999999776,113,8,218,1101,3802
8877689391,4/26/2016,11101,8.4,8.4,0,1.8,0.1,6.5,0,22,3,258,1157,2860
8877689391,4/27/2016,23629,20.6,20.6,0,13.1,0.4,7.1,0,93,8,235,1104,3808
8877689391,4/28/2016,14890,11.3,11.3,0,4.9,0.4,6,0,58,8,231,1143,3060
8877689391,4/29/2016,9733,7.4,7.4,0,1.4,0.2,5.8,0,18,5,210,1207,2698
8877689391,4/30/2016,27745,26.7,26.7,0,21.7,0.1,4.9,0,124,4,223,1089,4398
8877689391,5/1/2016,10930,8.3,8.3,0,3.1,0.6,4.6,0,36,12,166,1226,2786
8877689391,5/2/2016,4790,3.6,3.6,0,0,0,3.6,0,0,0,105,1335,2189
8877689391,5/3/2016,10818,8.2,8.2,0,1.4,0.1,6.7,0.009999999776,19,3,229,1189,2817
8877689391,5/4/2016,18193,16.3,16.3,0,10.4,0.3,5.5,0,66,8,212,1154,3477
8877689391,5/5/2016,14055,10.7,10.7,0,5.5,0.8,4.4,0,67,15,188,1170,3052
8877689391,5/6/2016,21727,19.3,19.3,0,12.8,0.3,6.2,0,96,17,232,1095,4015
8877689391,5/7/2016,12332,8.1,8.1,0,0.1,1,7,0,105,28,271,1036,4142
8877689391,5/8/2016,10686,8.1,8.1,0,1.1,0.2,6.8,0,17,4,245,1174,2847
8877689391,5/9/2016,20226,18.3,18.3,0,11.1,0.8,6.2,0.05000000075,73,19,217,1131,3710
8877689391,5/10/2016,10733,8.1,8.1,0,1.4,0.5,6.3,0,18,11,224,1187,2832
8877689391,5/11/2016,21420,19.6,19.6,0,13.2,0.4,5.9,0,88,12,213,1127,3832
8877689391,5/12/2016,8064,6.1,6.1,0,1.8,0,4.3,0,23,1,137,770,1849